"","V1","V2"
"1",17.8416291091505,12.3821930091578
"2",18.4521451908542,11.6736104314745
"3",20.1256606355104,12.0453686614149
"4",20.9015477109761,12.1143431469773
"5",18.9463924553516,12.0249122808063
"6",13.6164910310153,14.4096723115069
"7",15.2419782927523,16.739434140542
"8",15.7587358151049,18.7507811147054
"9",15.6886453185991,20.3751936407826
"10",15.4785037840615,21.6583919627341
"11",15.3671459522582,22.6830662255465
"12",14.5500508281083,23.048753808505
"13",21.7397233573568,23.1124846968772
"14",1.79800143431347,15.158010944926
"15",0.242368680758514,14.9187298885467
"16",-1.30006490488661,15.0263489839514
"17",1.61347757339625,-3.35823573396038
"18",-1.69877807994109,-3.60947769835221
"19",12.6922968220678,7.37652740027485
"20",2.2703554220323,-4.34471520553443
"21",0.242915873353636,-7.66524729994815
"22",-1.18157067427251,-9.95186724786083
"23",-9.50719076071836,-8.6082514630597
"24",-7.42233893339031,-7.76731813201098
"25",-4.32507661257534,-5.92978229282512
"26",-2.19460449434924,-8.2245364230751
"27",-3.3456868979046,-12.2273120247747
"28",-4.04629211517006,-15.3558270627568
"29",-4.23788059235393,-17.9176594375602
"30",-3.72623858819208,-19.6485750580301
"31",-2.92432894673835,-20.6312592523369
"32",-1.90284411684565,-21.1042242672102
"33",6.92398145707721,14.6608894540469
"34",8.22102089648111,16.652339071582
"35",-12.508610430256,12.8372113393674
"36",-9.9172638646995,18.6900423200247
"37",-10.5054327941094,18.3038651533933
"38",-10.559377013741,20.2368883985534
"39",15.8930288121762,-0.769096386065417
"40",18.1742902065466,-2.07164693020108
"41",21.6324394829441,-2.36934793512871
"42",24.0458351713556,-2.6024345593495
"43",25.6039970209151,-2.67862430093345
"44",26.6604108898516,-2.62457903456452
"45",30.4308685023282,-1.70681201672944
"46",1.74706410213837,8.64637967830483
"47",10.9643932957097,12.1284309938989
"48",6.05002343860852,12.5660427825275
"49",5.55030815608249,12.369646832893
"50",3.23612887648086,11.1727331376046
"51",-16.7766996417994,9.55215361631873
"52",-16.856340207203,10.0580992779969
"53",-18.2829275763092,9.35712070863225
"54",-18.7363563761362,9.98487765428871
"55",-20.477164878856,10.4982799250895
"56",-13.8066954440105,10.1850459931043
"57",-6.88240551198587,11.8913588330541
"58",-8.95794895075555,11.117028365018
"59",-0.781335830221682,-0.68384864948048
"60",0.582610200639094,2.043937907304
"61",-3.01856453631641,2.4632176407285
"62",29.356734171092,-6.67402378982776
"63",28.460706244117,-7.15569840452156
"64",27.5398752622313,-6.83524123870287
"65",27.763832624686,-7.76434328062954
"66",27.6946448187911,-8.85024621924624
"67",27.1663602277294,-9.59070749427756
"68",27.0320475584367,-10.4522699925539
"69",3.47645123309205,27.5052347468677
"70",3.6373980168033,26.379387706847
"71",5.27967244103414,28.5164835482589
"72",-11.552993254775,-8.20243980281284
"73",-15.2818919268081,-4.63315621871146
"74",-13.1304146482869,-7.20033391486951
"75",-14.6996385080772,-6.3489559811515
"76",-11.165191391381,-7.78939321419367
"77",-11.8591963207974,-7.01434493326591
"78",-14.4083401612011,-5.61732393258844
"79",-16.143788897972,-5.26800234367464
"80",7.67489786259562,32.1346879627168
"81",7.74510354565405,31.2906258379848
"82",8.54669910531262,30.8453962714421
"83",9.38974275059936,30.6375853497386
"84",9.69515511526831,29.6831956292388
"85",10.4466928843153,29.1575981650647
"86",11.1676850635578,29.8559524899998
"87",11.3832368415829,30.8053730250662
"88",-17.9258289528876,15.03452628498
"89",-19.3935704955354,12.3869648204532
"90",-20.2682185444619,10.1654186121806
"91",-20.9031110319611,8.84821184222091
"92",-20.7454859155317,4.97764556156274
"93",-20.0096902442925,-0.170567838476387
"94",-20.4142512767519,-1.52326961357358
"95",-19.5610914360945,-0.6818620306838
"96",-19.8093349489918,-2.09648806080166
"97",-18.7122674924018,4.21959885979195
"98",-20.89700673335,3.84138762511986
"99",-19.9264844332643,3.93939078130525
"100",-20.5516448035761,3.14657811504117
"101",-19.1417939466834,2.45353365105928
"102",-19.6336090812155,3.41447580863944
"103",-10.4327777024209,23.3624260859048
"104",-7.0898688102985,23.7413903460137
"105",-5.77800748521222,24.8560249389401
"106",-6.23279248273138,25.5952851263706
"107",-7.45368718543119,24.7240232968783
"108",-14.9144344515109,17.1256324893178
"109",-13.2361842199365,18.4905609732703
"110",-2.58602266164035,-7.06555459230789
"111",-3.70707223456932,-8.72207674641918
"112",-2.17209238177081,-7.33824833709422
"113",-0.199428793681744,-4.61156774596402
"114",-1.51055316071399,-6.89356525786605
"115",18.188075001217,-12.9473301024854
"116",18.9778741668557,-14.1283383113995
"117",18.9855199341904,-12.8616745319357
"118",19.651698221002,-13.8085917961746
"119",20.6137930682201,-13.6909335506704
"120",-18.0202625162955,-1.29594056524843
"121",-19.7558993766866,6.47534794616173
"122",-20.1634628188757,5.63793870969171
"123",-21.2067273564429,5.85089170322936
"124",-16.0198507436527,-0.0838653556960577
"125",-16.7748056947262,-0.0323708750829339
"126",-16.0555899425084,-1.35071886463965
"127",-15.5658345584089,-0.730195938450474
"128",-18.9520898774215,-4.47303494459372
"129",-18.2954733840422,-3.80844037867267
"130",-21.4148244809121,0.063416198683623
"131",-19.7486155239083,1.3120820526962
"132",-20.7642443437749,0.822213313876107
"133",-16.9137119318171,-1.05195975495151
"134",-15.4561807082437,-2.15213079318162
"135",-16.5876754419303,-2.36777941137475
"136",-17.4848867469482,-3.2067146188407
"137",-2.9309365817876,1.3822308561121
"138",-0.570909531794185,4.16410008659562
"139",3.01016710466456,4.21263635619607
"140",-15.9879555214579,15.4594812860535
"141",-18.5929989280975,11.5047206060103
"142",-16.9436511833223,12.1967598620023
"143",-17.7000547805108,9.45927240566215
"144",-18.2388485754983,7.73241601813753
"145",-12.6834182089924,24.1694103638894
"146",-13.5011854572896,23.1127535786584
"147",-14.0785086633816,21.1811832580414
"148",-16.158308150025,18.1225068049129
"149",-10.6401488720555,26.4408627000203
"150",-9.91873881528629,26.9619155481548
"151",-15.9404747271059,18.9477372346852
"152",-16.1056592058109,20.4193212436336
"153",-16.2766049785143,21.7115384461834
"154",-15.7665627542286,22.8014825980311
"155",-13.7182203544073,17.156909231765
"156",-15.96322104455,11.2677790053517
"157",-14.5996830105358,21.5588136402917
"158",-15.0400575497592,20.5757402512152
"159",-13.9705838362156,19.7671528730848
"160",-12.7444917936014,21.2049834414379
"161",-12.0148765533508,23.186773469022
"162",7.07993544772959,28.5129330482112
"163",8.36026369817902,27.8646908552891
"164",8.26131973956213,26.7558267334505
"165",6.71011727832225,26.0251571529123
"166",4.51611912475315,25.4031459418443
"167",1.44434804162207,24.9888352616882
"168",-2.02355190842726,24.3544505245405
"169",-5.80860820528448,23.402661106101
"170",-11.4280394515118,20.3771758793545
"171",-10.2546599251734,24.0880742748531
"172",-8.62889798429897,22.9528638868972
"173",-8.85810871329941,23.7788797329499
"174",-9.74760019921164,22.6084026498117
"175",-10.3733643491954,20.9089780213897
"176",-8.89016962809536,22.1367579041294
"177",-13.0304512488536,20.331993419526
"178",-12.2012546368425,20.2747231769003
"179",-14.8556906263154,15.7046427390189
"180",-14.688049066265,19.3855353860927
"181",-12.2661819551866,19.3222576749673
"182",-5.45929641342982,8.38208054196397
"183",-4.78015130907747,14.5149865641995
"184",-3.81929266493842,15.4224251129285
"185",-1.37121925135204,18.3044743007259
"186",-0.590219910025242,18.3188472252227
"187",-1.04873590707718,15.8214118416282
"188",-9.04766362233439,9.35261496274454
"189",-5.78086517437138,7.05324977111546
"190",-2.47389762972673,10.9058736863288
"191",-0.759999366607153,12.5087880815794
"192",-5.26530482499823,10.9621351820336
"193",-1.12404512933324,11.1605220389991
"194",-2.55961297723902,13.3211107261433
"195",-3.41435711275533,12.3493329229592
"196",-2.43165440330306,14.2158978572257
"197",-3.04364051006386,15.1456738016535
"198",-2.65202855470961,17.3558242007995
"199",-2.36108023590311,20.3847290231829
"200",-1.97089737028668,22.2188644435516
"201",19.0534520609803,8.23664461300058
"202",16.9280420989031,6.6425593092548
"203",13.4115300238496,5.59118399256427
"204",9.41950500903846,4.58970666426316
"205",24.1508292356308,14.8894986024443
"206",23.8539841106701,13.8758588050791
"207",22.413108305524,14.0225756090228
"208",21.9388267853791,15.0536213955966
"209",22.8740396072311,15.0448206130358
"210",23.4764320740489,14.2658484372862
"211",24.9034336991761,14.1177754400793
"212",25.7790996164507,14.7720241738821
"213",21.4473771716789,10.0033194488322
"214",22.8943232146479,9.81078182499651
"215",19.1727038656871,10.1989078871848
"216",14.2996292356981,11.9677601704263
"217",14.4702448535719,11.3679627206039
"218",11.6128759547697,10.8009342875081
"219",7.31632434770648,9.81468190236553
"220",10.7990260643348,16.0382161500929
"221",9.3234115046569,13.2543155092601
"222",11.8400775874932,18.0993285425605
"223",7.93492029233294,14.5656059683733
"224",11.1158718898603,19.1991847579623
"225",10.0487024705281,17.5316719867665
"226",11.664061755479,19.0825782684752
"227",3.02302320633129,-8.10029153620045
"228",-3.20048337435375,-16.4796130042675
"229",-4.45932478290209,-17.3151842855682
"230",-2.94686986203713,-17.4186899943112
"231",-1.77453234904557,-18.0105849040444
"232",-0.884675887396963,-18.5950582808426
"233",19.7684284502119,14.2436358451262
"234",16.0601826973034,11.3739095080907
"235",18.8117375731592,15.5431679034876
"236",18.0136750911855,15.5614823735438
"237",18.1260602019409,13.9334528011693
"238",19.4089318500385,15.0545429309702
"239",31.2708878007937,-0.369368856220843
"240",31.2020638719864,-1.40286147867221
"241",31.0655400379138,-2.40920431425178
"242",20.3407811393981,-8.51084405750716
"243",20.868600731344,-8.66685036995663
"244",21.925227094076,-7.10217143068613
"245",19.7099068583666,18.1634347187409
"246",19.0841628503251,19.0579382399691
"247",0.67300481136652,-4.19408640443244
"248",5.31030724772568,21.1120501828521
"249",10.6736604158024,20.9926273815962
"250",9.37930490136506,19.310123560741
"251",3.47307082944396,7.79338907644508
"252",7.41127867545871,16.7743703599111
"253",5.36304214205463,15.0118486668191
"254",5.27387149319912,18.7654856649509
"255",1.46114598434433,30.2027097881616
"256",3.46056402894759,31.0577095149205
"257",2.16670040455607,30.9168298884404
"258",4.43226315620325,30.761023476702
"259",1.66848854509479,28.9106312904645
"260",1.94360538302992,29.8119056638744
"261",5.80724957790182,30.5859001827018
"262",3.19056030177117,28.7095825628281
"263",5.91253200552079,29.2174807425578
"264",4.10943792569179,29.2432605156077
"265",3.50365723267243,29.4942840684376
"266",3.64963455919968,28.0212052459156
"267",4.38636223766855,27.7475697371846
"268",5.59138471655495,27.0885649249609
"269",5.92584116446491,28.0902102350294
"270",4.67192707798768,29.4476723985753
"271",3.0348391256051,30.3365026447687
"272",3.94784979067715,15.1681160686037
"273",10.7228064173668,23.3739933827599
"274",9.93611072490023,22.0352555482369
"275",8.82832112619352,19.87797256677
"276",12.2927059906289,-13.8671816972488
"277",13.3516176081808,-14.1306320205786
"278",14.9057012143711,-15.6839238401832
"279",16.3055118085043,-16.3346277585422
"280",17.8318005956681,-16.5301735014752
"281",-16.8093819272933,-7.12586875696286
"282",-17.3217178811427,-8.69617834901476
"283",-16.1748407673377,-10.2219738517736
"284",-14.612285851757,-12.0634196596087
"285",8.33040783359076,23.3537836630089
"286",5.82644353621963,18.4061439893907
"287",7.89960584342625,19.7719730796888
"288",7.82110783643032,21.8445937472326
"289",6.79990313989816,20.3649148385702
"290",6.29917933092895,18.3972643937076
"291",5.78620736794819,20.039884240867
"292",14.5584784060134,-18.8380643215525
"293",13.4582656150742,-18.0300199387221
"294",13.6798731415467,-17.1501634389762
"295",12.0696665775429,-16.6875733358735
"296",3.84531139126826,4.84162516858281
"297",3.50063558216449,6.90437046490719
"298",2.74510297262917,8.0145981379833
"299",1.39872261536812,6.51923085844536
"300",2.93285050919597,10.0868476789153
"301",1.32174624812817,10.1264490508073
"302",19.6155713718049,-11.2955895387815
"303",21.7957713706897,-10.7700703419002
"304",22.7688240895033,-7.75984883552529
"305",22.6386762563142,-7.25181657372663
"306",23.7247714185341,-8.59178930753363
"307",22.7792882392449,-8.62660415763811
"308",23.6923232981303,-6.83289352045244
"309",-5.26119898348551,29.5044464489547
"310",-5.22580846981448,28.6216866350868
"311",-4.56605737200377,27.940598091811
"312",13.6500182411249,-5.47462818257941
"313",13.0257940929491,-5.5471322118826
"314",24.039979546052,1.70874386303109
"315",25.4492866559863,2.16087992781659
"316",14.5040611381913,-3.47428220618993
"317",13.144369959637,30.8421021705884
"318",12.8891344696872,29.9655797345447
"319",13.8428912172946,29.7320932079069
"320",14.7928893286265,29.8944046733234
"321",19.0943765074783,-10.6597215445905
"322",21.0672770588249,-9.27692760186473
"323",18.590932461808,-9.66048299602102
"324",18.6586795910816,-11.6390810813673
"325",16.9730627711346,-10.52075460255
"326",19.239613979813,-9.79687388030118
"327",22.5752280479204,-10.7163227174435
"328",20.2373175996622,-10.7709087273886
"329",21.0090032534091,-9.94801070147275
"330",24.0480032806195,24.5344221610284
"331",24.8083358312654,23.6752235114239
"332",25.4930175560605,22.6866910984165
"333",26.0202414124907,21.8541456085076
"334",26.7128714229531,17.7591080506726
"335",26.4764706328074,20.9114434640326
"336",26.7553652283062,19.864876189539
"337",26.7636733762599,18.8131089864688
"338",19.5709135805482,1.03484734779851
"339",2.97055783315035,12.8591633107689
"340",3.32923467788118,15.820519290439
"341",-7.10169136590814,-5.78167650831522
"342",-6.43829951374963,-3.49324469643345
"343",-5.92517434337813,-4.36543542705794
"344",-4.00585102200729,-4.01677532979548
"345",21.8359772622196,0.989723728443924
"346",19.2493552206395,-0.272285324727593
"347",5.80661623417683,-4.95142441595282
"348",9.30208166646898,11.3752056895358
"349",11.9003733578378,14.1168081094454
"350",13.6408291447748,16.4669014260652
"351",6.22374067017082,-5.09516256784581
"352",6.96966021443922,0.122325103472769
"353",8.07708403248047,7.35118583257053
"354",9.62683727082799,9.11446727650242
"355",9.02533141668204,10.5409166160985
"356",11.4646001911779,12.1800194300699
"357",2.39881924028401,18.4304009982753
"358",2.07785050005886,15.7766335893869
"359",6.02065160143744,11.5191374098495
"360",3.65093729247311,13.659430035474
"361",5.53200030820852,13.8012689418657
"362",10.8634576350252,-20.5107999894872
"363",12.2138931665406,-20.8634051219762
"364",13.3881480160505,-20.8010704731866
"365",10.0904887608504,-22.2798667191059
"366",8.96546463669231,-22.1773948852743
"367",9.71325637898181,-20.0574932114554
"368",9.91201210573525,-20.7913193393269
"369",8.65672892986746,-20.5648632127458
"370",7.64901698760966,-20.0426258484713
"371",7.94980843182757,-21.6334341116691
"372",7.02238082249053,-20.8889410239446
"373",6.86304776135791,-22.1821263878788
"374",6.11593943928123,-21.5090598671884
"375",5.19202231021259,-21.362788493389
"376",28.8841367006259,-2.09609491398293
"377",29.463889370749,-2.93352129455679
"378",28.7656621485569,-3.45441770916007
"379",27.8885382562709,-3.95629960040341
"380",27.5613853025388,-4.84970766690941
"381",28.56218849115,-5.21484969651926
"382",29.5908392368458,-5.05639410010613
"383",-10.0689512544234,-16.7329165801873
"384",-10.4124177198026,-17.4500824064739
"385",-9.35970450030709,-17.8170416629947
"386",-6.58196593385301,-19.0581454832093
"387",-8.19606526851885,-17.7803054988117
"388",-7.30009504288662,-17.3537032174131
"389",-7.3110850686417,-18.2499546538984
"390",20.0799742984626,-17.7027390308212
"391",23.8930949430552,-15.5820714310124
"392",22.9121104932854,-16.0082555457466
"393",20.8743270316167,-16.8880326778329
"394",21.4133395227113,-15.7868581937357
"395",21.996145466103,-16.2423017134888
"396",25.1336816563989,-12.8068067995882
"397",23.9900852634417,-13.713874177785
"398",22.7715151535545,-14.9407847500957
"399",24.0326072154478,-14.3399081240889
"400",28.4981674508556,9.43997960648343
"401",29.2924214964876,9.72154609478934
"402",29.767609476137,10.5845805673856
"403",30.638226795243,10.7629016209098
"404",31.2951000814385,10.0380136024962
"405",32.0612425802718,10.1466137036382
"406",1.27406377697336,20.051683571581
"407",2.0348336374885,20.0467251501167
"408",2.69747470035256,20.0623855725756
"409",1.57805645535538,14.0137249256038
"410",1.92009386806182,17.3840685801773
"411",1.9201731944111,11.7693617659038
"412",-1.14151909237206,12.6942455082142
"413",-3.72846841845844,11.6185164385145
"414",31.8126169515921,4.32905576718726
"415",30.9132140853552,4.52995293635174
"416",30.0894003808265,4.02992647164569
"417",29.1288350113761,3.81663136164025
"418",28.4651923266276,4.50214890141409
"419",28.4915509836694,5.53868719548632
"420",28.4701117122051,6.533407524587
"421",-15.6418774663109,-12.335058206391
"422",0.213226160573885,-10.8003116861417
"423",-1.40570175160823,-13.1246670790379
"424",-11.9975854144926,-10.768055668898
"425",1.32966432525667,-11.8498067445176
"426",-7.27992311444762,-12.3027984129353
"427",-11.7731443524139,-10.0074501007237
"428",-0.000914211705748014,-11.90273183879
"429",-2.32842810068469,-13.0736311094394
"430",-3.71113210595757,-13.0329683820611
"431",-5.33185234519869,-14.2052456172398
"432",17.0677397619268,0.71866743814777
"433",12.1449578716191,0.637253905888632
"434",15.3796142159575,-0.0158756427628628
"435",8.23049988639,0.169953211839946
"436",13.5439647265031,-1.59126523220282
"437",14.0177144924397,0.460215702967002
"438",16.3807583841935,1.12578321845279
"439",17.2796952515544,1.03446452330809
"440",3.8424224402615,-18.5729599450646
"441",26.7772860525029,9.13043778346527
"442",27.1960616945869,8.18795480667901
"443",-16.6054635489148,-7.84665551155727
"444",-18.1241688561539,-8.18098793793635
"445",-16.9901769815425,-9.64978395819268
"446",-15.4506399993103,-8.15120449708154
"447",-17.7518901314864,-7.25894081611199
"448",-16.5934395523207,-8.67021442695662
"449",-15.4743428646795,-9.93909009007345
"450",-14.6529568729451,-10.5629418865062
"451",-15.3968019682418,-11.1848834932264
"452",6.65864231005307,-12.4394292727273
"453",0.349755089144129,-16.0710981293783
"454",-0.930536635363114,-15.4334398351877
"455",-0.284121234193271,-17.7110903009758
"456",9.25684314922503,-13.2969373910524
"457",9.43827355168947,-12.663800888174
"458",2.03414771023493,-13.8488201815024
"459",0.964155524724471,-15.780671340916
"460",-0.734583910611759,-16.3801965573195
"461",19.926269981365,20.2870691747619
"462",10.0497713037769,4.0783571999323
"463",18.8452268683184,20.546760434287
"464",22.7890534444356,6.77900690099873
"465",21.2125267607664,6.44931850539073
"466",3.92977396133918,-4.04642992508834
"467",3.35625447937511,-11.9826454330736
"468",2.62983997391579,-9.42504026726718
"469",2.64515180943372,-5.75938815189048
"470",18.460852180289,21.9503421439041
"471",18.4199191145883,5.77390264614338
"472",14.3146511911823,4.8470409083306
"473",8.6547481662479,4.18042224409457
"474",11.9682223953425,4.63223609104953
"475",11.0387118180576,4.05641774670651
"476",8.35603507145392,3.43213979561447
"477",7.29352302959681,3.90082556994924
"478",17.7761250810345,21.3777465300986
"479",19.4118204425186,20.9623652904349
"480",19.9840692175028,21.4207520115294
"481",19.288879401057,22.7748321122251
"482",19.1280459887865,22.0110575782778
"483",18.5192009894831,23.3750278650401
"484",18.1063075280934,22.6821382312373
"485",-3.64446096837356,-1.4565796453728
"486",-6.27224707823638,-1.47266569365761
"487",12.4447644214535,-0.341916850368722
"488",10.4175439908009,-2.04743963428729
"489",-6.54990595765201,-11.0026176486139
"490",11.6645643846875,-3.44514966255595
"491",10.1223129715824,-2.74713445824067
"492",5.11315934982813,1.35627184954236
"493",-1.31559724060435,-2.81187573863332
"494",1.28935542260506,-2.62838663015205
"495",-0.558328800165373,-2.4762888064857
"496",-7.23306165767162,28.4525250989044
"497",-9.36742058075531,8.66834023784284
"498",-16.8027272368415,12.5156626266185
"499",-16.8050305574643,13.2038726076946
"500",-15.1148042044105,11.8060628378917
"501",-11.1878104473369,8.9447832105744
"502",-6.38714162216576,6.70830789630819
"503",-3.10990766393446,4.21446480175047
"504",26.1207156892435,13.0662880938293
"505",26.9860930991124,13.2071221429478
"506",27.4120610430739,12.2391422221729
"507",26.9614372859448,11.1108759722898
"508",26.0377170292866,10.9675902027607
"509",25.2745837878748,10.5724039773592
"510",26.1971441646113,10.1194146613189
"511",25.407753771856,9.20184440150705
"512",25.2963814255346,18.0954146032876
"513",24.5045998259731,18.3943914674806
"514",23.6901448305172,17.0594357554194
"515",8.93299995176205,-4.47182085749373
"516",7.67524927639029,-4.47450118253034
"517",15.5810657317775,-12.4935836122989
"518",13.8290842337519,-9.63298992385579
"519",14.2702661127685,-10.5911964912731
"520",11.9473893116874,-8.11831449401142
"521",17.6929641436102,8.27707221072613
"522",16.2001783297081,7.33221417136102
"523",15.9859860485275,7.83952672470831
"524",14.4433637359242,7.56540226367193
"525",14.8362841238264,6.52651573601331
"526",14.4118016658791,6.752396182319
"527",14.5164808375612,7.08665786390225
"528",15.0921199964408,8.02998059346949
"529",11.5864320639936,5.54559976112845
"530",15.4049676705858,7.29870681858863
"531",13.6803355967902,7.37650204143302
"532",22.5498221779917,23.716643324004
"533",22.4846438193791,19.4852952138164
"534",13.1210676387025,-4.49251381834735
"535",16.3332281563845,-4.16877680666774
"536",16.2040924710109,-5.58146420219158
"537",16.3808465750961,-5.0177797865814
"538",16.018290030748,-4.85349203047487
"539",17.1070432823527,-5.21632185273947
"540",17.0207310784697,-4.67453179464568
"541",17.3707218359949,-4.60596624704182
"542",15.2889301822323,-4.37935182294227
"543",15.2182583849435,-4.82813355789271
"544",-10.6454410796985,2.44467087664295
"545",-13.5251666417997,1.99254600678947
"546",-16.0052088025622,1.81312917982507
"547",-17.8305077570041,1.80241508545935
"548",-19.6401950224024,1.8727099589395
"549",-1.14252748616244,25.085735975942
"550",-0.168457131703283,26.0603012740059
"551",-4.14175419054789,20.6346165351242
"552",-2.69513068914095,23.4831486170876
"553",-2.53310376777653,25.099618452387
"554",15.6899546503899,28.4338670031605
"555",14.6568079671312,28.2654822940965
"556",13.3460527099168,28.0857614068909
"557",12.138553222378,27.711793632873
"558",11.2974171097572,27.2974696803314
"559",15.3248628912064,26.0053829368477
"560",14.5688373210253,26.6768844148171
"561",13.4553902407531,26.715940091587
"562",20.561479845385,-1.22105029710197
"563",7.11514635098219,13.3829816896889
"564",8.75421179671508,15.3183963057088
"565",3.41103425910316,14.6331109050629
"566",11.2970232778327,-9.83386508008127
"567",11.0733689406397,-8.72821038905809
"568",15.0844267531987,-11.3681203237648
"569",13.2958621785996,-7.82564130140605
"570",12.3834981966879,-6.22972874627421
"571",16.2066941098744,-14.102988583324
"572",17.1135804010854,-16.1535647799154
"573",17.7435850692285,-17.5878884623441
"574",17.7630738837293,-18.6799106802593
"575",16.9190499442176,-19.239509386137
"576",16.2041815089189,-19.8122504261162
"577",4.80285887026454,10.7720049645577
"578",30.1400285396729,6.85833267645854
"579",30.1407720735817,7.86216630906287
"580",23.7299570654239,-0.617918664363303
"581",25.1092556381154,0.129252185531302
"582",21.4046773092624,25.1499949732723
"583",-0.515731877145474,5.18158592934221
"584",3.00491112542828,6.99593356861759
"585",9.53206129028814,3.24119200387899
"586",12.708527793181,-10.9506693297412
"587",11.7992476276215,-9.64050372338192
"588",7.27841952972506,-11.5934924740964
"589",-2.15417812789469,-9.60172422021687
"590",-8.55650483455896,-8.70387868167132
"591",-10.1208654620638,-10.6563568732568
"592",-11.3974896258666,-11.4656186088588
"593",-0.405221709099189,31.0334190613101
"594",-0.522491594708844,29.3941299504196
"595",17.9494094778605,-1.41031886647019
"596",17.1319853127012,-2.07343118774918
"597",15.0114981602649,-2.41414576286485
"598",13.7080633110017,25.2947440791219
"599",28.9472231809167,-0.254858446641243
"600",28.1565761488111,0.124288482839388
"601",27.0471238230504,-0.160196219046264
"602",25.7273808346317,-0.539553862332662
"603",26.5415826924915,5.77995030397033
"604",30.9676513162606,6.26173889200074
"605",31.9587254267712,6.47737190398787
"606",31.8843332631032,7.51071181838294
"607",31.1185266682958,8.15937795641664
"608",15.7632721043878,24.7367582792517
"609",14.6722200091296,25.0390441155037
"610",13.3331456357261,24.5813547240525
"611",12.2045599616446,24.8278768528185
"612",19.4481717648162,27.8233374527012
"613",20.0299912760213,27.1564827895968
"614",20.6653036399818,26.3926487908255
"615",21.4825484510577,26.0238517045198
"616",26.4118604861547,3.98118561816017
"617",25.9969056122484,4.88793987156798
"618",13.2870622483882,3.6305238256119
"619",15.9793740021506,4.04867408939335
"620",26.1469803432471,6.7485119257104
"621",25.1524979315678,6.60609661793547
"622",25.1389491410431,5.55676676205688
"623",3.4553391107343,12.4796816870343
"624",4.50570913788361,14.9088619068517
"625",9.62512587038738,-7.58959774244129
"626",6.27419037239738,-3.96276460710287
"627",7.29366003021665,-7.26935552963956
"628",8.11308331696557,-9.3746159859881
"629",4.05391160742531,-13.1031396706745
"630",3.828539957401,-15.8863180457042
"631",3.27890771265727,-17.7203313365801
"632",-11.0272694886239,4.87283218624283
"633",-12.510927032258,6.85267324053222
"634",-10.1528670113898,4.39196257107179
"635",-10.5386099355412,5.99398423655896
"636",-11.8385308435126,9.16477903824107
"637",-11.014422495657,13.1441951911367
"638",-9.606279171595,16.5284281325093
"639",-7.73263800125496,18.6450254927104
"640",-5.71156011423637,18.4267214802535
"641",-9.73453131336824,2.59428721816876
"642",-5.90647790352215,10.7758861611617
"643",18.3042373270315,26.3877324986784
"644",-7.13669375407191,15.6553273256473
"645",-10.2691348618639,3.28663732608614
"646",-10.1900709679805,10.6070005621732
"647",-7.74815468133198,3.92790243140016
"648",-9.8855548285816,7.70419424273231
"649",-10.4149056901115,10.9643381609828
"650",-9.04221762138392,13.5970229115582
"651",-7.50065361362108,16.0371401967226
"652",17.6816191188565,27.1411480752602
"653",17.4034726626967,28.1173838483082
"654",17.2780432434407,28.9981244319981
"655",-2.79258206350615,-2.52069484308405
"656",-8.43854686427942,-4.1280240119977
"657",-7.09326079605183,-2.98940981605543
"658",-4.07240018344565,-2.31756617931011
"659",0.456936410825732,-5.08947239709729
"660",12.2293682263606,-5.80367885151146
"661",6.03721924552705,-8.60992465461043
"662",3.43844551514824,-10.0594270888618
"663",1.70532705732869,-8.91052014907799
"664",14.5133892257906,-9.29797885603086
"665",18.0053850854527,-8.47313762627905
"666",21.5683988824447,-8.07012900064729
"667",21.9133564154943,-9.77939072261389
"668",20.8957579656582,-11.0023304094024
"669",17.5628257359983,-11.0226445924225
"670",20.1611233048269,-10.1943608982996
"671",21.2907718447353,-9.57890801918876
"672",20.5184957113391,-9.43663318656634
"673",22.1964267334544,-8.49438261681652
"674",0.648748908853841,-6.00642434645067
"675",17.7094333254762,25.1921102869892
"676",18.6245259626837,25.4611017954206
"677",5.13317117396937,-13.9240166753259
"678",5.21132236101668,-17.1023744990731
"679",4.66972431107498,-19.4865125753296
"680",3.73921716960869,-21.240291812536
"681",2.74810900057953,-22.1518208111913
"682",9.42032339212408,-16.2765261862183
"683",11.7088139109989,-11.3853981637698
"684",2.0153237726924,-14.8755933897412
"685",2.96053622449624,-13.2255036114547
"686",10.6702205066762,-9.59571052389125
"687",10.9286492424006,-11.9361903682556
"688",10.3576323727698,-12.5762585812121
"689",8.94069306275052,-14.2937501353425
"690",9.60654355563751,-14.9827041739875
"691",-0.808645581859436,-4.63755205819166
"692",-6.24293159370953,-8.79612118063579
"693",-8.30791718266252,-10.4952962080189
"694",-9.47937550580717,-11.7125247776485
"695",-3.90880881553436,-3.45789682905897
"696",-9.22457874672468,-4.32454417123477
"697",-8.80787279473753,-3.00843497119189
"698",-4.20244751132442,-5.00357976777764
"699",-8.10682013766935,-5.24616908739903
"700",-10.5968458646433,-5.14446395403406
"701",-6.00836430763935,-7.51956372299967
"702",-3.44500368921322,-6.28457066565441
"703",-7.30299438342755,-6.79563388348255
"704",-5.86179240338458,-5.14494572780033
"705",-6.41250158278469,-4.98481354283656
"706",-5.79673743418408,-6.33847537142209
"707",-18.550838929517,16.0423191652478
"708",-17.6676869906196,16.1557718762397
"709",-5.76540851731622,5.29752224589532
"710",-0.184633971801999,11.7751340702264
"711",-0.41988771217393,14.346228861087
"712",-2.00351962360718,4.55734680835404
"713",-3.60993024820757,8.91017829794467
"714",-6.59256202687468,9.29379890202394
"715",-5.76505107924211,10.0487857123131
"716",-7.25293064199976,10.796635617343
"717",5.16531231525208,7.02891419940623
"718",7.0451595779982,7.64646125402883
"719",6.19911303807924,9.2945584946816
"720",5.79656724326977,7.5843587517304
"721",3.35057076649306,5.8279020917729
"722",-3.38769744047413,6.40575300329089
"723",-3.02458580960004,5.84652386925308
"724",2.61457599329343,3.32483410969223
"725",2.48001899845699,0.943361899209588
"726",2.40386217779473,2.58627445702981
"727",1.24892818206098,5.25523341889733
"728",-3.53833418066575,6.96354898179034
"729",1.45065007163673,4.87167427276619
"730",1.13845047997213,9.17517606570578
"731",0.636072298026668,6.88551595872329
"732",-1.17755310962732,7.48841893031157
"733",-0.268990595560194,8.49261262706378
"734",-3.42108713400759,8.13662425127113
"735",2.30947096440505,1.69485861322751
"736",2.40698419418553,4.6417173641665
"737",0.283032347907926,5.61012594751178
"738",-13.7707536420741,14.2527594166726
"739",7.39812868989957,-6.43672917948448
"740",8.59502978816651,-6.31827867006731
"741",12.5003288540457,-3.48938858379693
"742",8.39026254628634,-4.50588499308298
"743",-12.0936338174591,14.4335035561453
"744",-7.67064405915644,14.6144083380295
"745",4.48972322054373,-10.6472725942371
"746",6.92684811993502,-12.1160043765445
"747",9.56270437045845,-10.2680509753673
"748",-12.8611063591449,12.5060163582462
"749",-18.3623671659124,18.0329467506826
"750",-9.46418700910491,15.9243192151569
"751",-13.8449560373319,11.2469080940773
"752",-14.32698036229,12.8273910407087
"753",-3.72827656434912,13.7400317934928
"754",-11.9981819185968,10.6852863579332
"755",-6.4838698195198,3.56286194381849
"756",-8.90359866105078,8.28922384452717
"757",-12.1193878525818,-0.643407839189385
"758",-15.5966752610473,2.65357776657594
"759",-14.4123453955677,1.77802458436382
"760",-15.5292597030703,4.22406800116285
"761",-15.9367162166279,6.62690381018321
"762",-15.6743407303591,9.54592631054211
"763",-15.141443851725,13.0495489575015
"764",18.5728453095809,-0.813987643916787
"765",23.0307260701847,20.7550901076982
"766",22.266981584694,21.2964112872687
"767",22.1689777613401,20.2038621742959
"768",-6.46811259504012,13.4411816440726
"769",-5.53834906726237,12.6825911930104
"770",-2.69760690573942,10.0924914402192
"771",0.00295397279777193,-1.63195892217084
"772",-2.16625418832799,-5.86268660670475
"773",-4.79697259041026,-9.25121423855026
"774",-5.84861370491479,-11.2483669209357
"775",2.51397447579059,-3.5528514706852
"776",5.77619928505838,-4.1931311545374
"777",6.86709554886554,-5.8317527061206
"778",-19.2230597184356,15.0008207798798
"779",7.53393217911699,-5.50973646949614
"780",7.34600588420457,-4.28713068621486
"781",-19.1345759205565,15.565760516731
"782",-18.4253803530655,15.5072240875997
"783",-17.5525179547657,14.559204264873
"784",-18.8528296464361,16.714397166603
"785",-19.3029604836281,17.8512667851208
"786",12.1597247202824,-19.1709897494126
"787",9.64833315429282,-17.6775332704191
"788",11.4858703140523,-18.3324698782012
"789",10.9910038365208,-18.7267308178252
"790",-3.61680276459874,28.0195014053122
"791",-1.03265662955514,30.2515564911453
"792",10.3721202747663,9.27438024012131
"793",8.58971571614156,-0.129694393640589
"794",12.0799756069289,-2.8713876335144
"795",16.3417973463278,-1.93037932006917
"796",15.4498788564116,-1.93953736482863
"797",11.253557729371,-4.17644114112058
"798",23.5330213319087,22.9017852711934
"799",22.6170575428142,22.3893036567414
"800",31.9737146996589,2.898798980539
"801",31.7548308333855,1.98653784623311
"802",21.0613245613703,3.90571824889308
"803",-1.21603162878533,2.81504094181657
"804",28.420263125531,19.1316909251671
"805",7.918823195833,1.41102921997681
"806",-9.72545583250613,-14.2418711952696
"807",3.63159112387948,-0.749472514935305
"808",28.5368041194156,13.7431986965669
"809",29.3150053370601,13.2405305040087
"810",13.7391391478423,15.5400437575794
"811",13.128945673055,16.1356564381115
"812",12.5262070046134,16.5894902835972
"813",-1.86716663042706,9.83533124925025
"814",-8.76501472476287,11.9999748529817
"815",28.5980664688103,18.2322220461758
"816",28.2048192956187,17.2863108459743
"817",-7.37907889473774,8.81240582206677
"818",10.5768958093475,0.547170965005215
"819",9.97980265830779,0.048763161181283
"820",-13.1758985693468,-14.0845364770317
"821",-12.7878165178775,-15.0873891223412
"822",-11.9671428578721,-14.5795648731155
"823",-10.6055005831985,-14.6643349208263
"824",-12.3524979640624,-13.1239346027455
"825",-11.4572135226046,-13.883115274761
"826",4.94850703952237,-2.36843141480643
"827",6.81612032567829,2.81982519541602
"828",3.26110467566265,-7.04918374475882
"829",4.96865940544816,-5.11724181231827
"830",-5.81607266785039,2.05611955548068
"831",-3.04492641467532,3.01328881264609
"832",7.78635149167567,-2.4854836240988
"833",4.10129366483816,-3.03837597072703
"834",2.83805162217326,-4.13090346394174
"835",21.2961394265336,0.756292004006193
"836",22.9582985671654,1.93077875733016
"837",4.8020117780507,-9.65935809193585
"838",6.18750532327968,-11.9504225736646
"839",1.4766755271509,-20.1869966476424
"840",1.70577263079013,-20.740834099834
"841",1.10199564373897,-19.5801848475004
"842",2.6370177977983,-20.5264728241312
"843",2.65047227914478,-19.1846241348634
"844",2.20653733731297,6.34410206015332
"845",0.828424158768264,4.23069960609322
"846",-0.477010525414675,-3.38695781642968
"847",-8.25922991045064,-15.4940700592887
"848",-2.6337909601175,7.26304177777268
"849",-2.30933596010602,9.41605683615691
"850",-1.696170412624,6.82880652789468
"851",23.725807738088,17.9030134215129
"852",24.6010367008071,17.4273016135892
"853",-9.33292131754822,-15.0889643141322
"854",-10.2178552434559,-15.4541814443061
"855",19.0447304927971,3.158996485656
"856",31.0339898589062,1.29334005967822
"857",30.0879659728728,1.3108454247281
"858",-3.02672988388364,30.85064466605
"859",11.4390802381082,14.8641504451188
"860",-1.41182221022252,27.9217973373139
"861",6.88039665117747,5.49983687319811
"862",12.0774689297001,-0.108219361239128
"863",15.9548953209754,1.9057221470261
"864",1.27645574321088,22.217042052257
"865",11.2542982389,-11.8314529889342
"866",7.81462106870038,-13.1898158881051
"867",-2.90561369986237,8.72366026637268
"868",-8.89562606329367,14.8346818421902
"869",-10.7923848687527,15.7735432086007
"870",27.7373319268516,16.2512472309004
"871",29.73635342748,16.2077745169755
"872",29.0058881722253,15.1950244594336
"873",28.6973612954102,15.9714774215366
"874",4.23232592522821,-16.7308441755913
"875",8.70432810803664,25.2444249128732
"876",0.637878419387549,-17.1329194475102
"877",4.02406654560653,6.8484058792515
"878",10.6393029081411,-3.98629827158013
"879",7.96351143681894,-1.07930501887338
"880",-4.9152435107324,19.3616352979156
"881",5.05316104764404,3.09780004304953
"882",-1.85822286857899,19.6600007548457
"883",-5.03974673529773,16.0970303094264
"884",-4.79494983911364,4.42444242994325
"885",29.3087864921562,1.89322507451718
"886",28.2939996799101,2.08855179808337
"887",24.1002115222148,21.045114743729
"888",24.0562083700748,20.2451234420113
"889",9.99895467757078,10.4507368042791
"890",7.80510240971884,9.47589399979072
"891",-0.427136977943999,7.88956527026964
"892",-2.08088340837524,7.82423695214004
"893",2.72791704182095,-16.1571849499012
"894",4.61836143713256,-13.6510114920425
"895",2.4066381239557,-15.7669518209057
"896",-3.06401928829493,29.9686204989776
"897",-2.05736583303924,29.9419031622961
"898",6.05042722946174,3.97638327004707
"899",5.46571859347906,1.93169168471141
"900",4.01453943994591,-1.7196168501391
"901",2.56161554393006,5.70741776660959
"902",0.629760218428807,5.00771837691987
"903",3.04501461003551,-5.49158240241628
"904",5.16167348379685,-5.91604856863078
"905",-8.72161932929963,-0.416614054932716
"906",-2.16666841315295,0.347391387949366
"907",-6.04300961741231,-0.0861457132306317
"908",7.00591153664657,24.6600203054293
"909",4.36893894599882,23.7006497371534
"910",-2.36060051858475,27.1774782473328
"911",-2.52576066337856,28.0014245761422
"912",-0.78860953011853,0.55726824700899
"913",3.2754456919072,-6.67429146994906
"914",-5.71560146596665,19.4186946847218
"915",-4.16757228840067,13.5593606330406
"916",5.16010489175637,-12.9593978300487
"917",7.33986853327353,-15.8799686927625
"918",30.0535085771077,12.6509302755325
"919",30.2039816572101,13.5337474762312
"920",30.9216556008136,12.9761310824326
"921",-6.67248191130057,18.8924049563582
"922",-7.41829094847412,19.842643072086
"923",-7.50986354911959,17.7032585825213
"924",-7.77484012755879,27.2867905817588
"925",-8.55400316470663,27.8249587280891
"926",-6.8170163742016,27.1426521562603
"927",-7.52772658531239,27.8447221035417
"928",2.9377470501046,-0.606730424681052
"929",4.49709572187825,-0.26045118621388
"930",4.77464742136954,-7.60414929715853
"931",4.24988786716622,-3.38846810216818
"932",5.24129699134199,-9.92937172776488
"933",6.03238221429085,-9.86695057159433
"934",4.55121034256502,9.52978538907339
"935",8.1822612028433,12.3101864502965
"936",-7.83026037939474,12.4602864943894
"937",-5.53806712149025,16.8167898238705
