Ensembl.Gene.ID,,Associated.Gene.Name,EntrezGene.ID
ENSDARG00000055504,,CD68,100000085
ENSDARG00000068493,,si-zfos-411a11.2,100000156
ENSDARG00000069105,,fgfr4,100000160
ENSDARG00000021838,,rps23,100000341
ENSDARG00000061255,,dusp3a,100000665
ENSDARG00000026225,,whsc1,100000709
ENSDARG00000035187,,abl1,100000720
ENSDARG00000053496,,gemin8,100000842
ENSDARG00000040319,,c5ar1,100000959
ENSDARG00000018228,,htr2cl1,100000981
ENSDARG00000060596,,prkaa1,100001198
ENSDARG00000038116,,gnrhr4,100001586
ENSDARG00000093745,,htr1aa,100001828
ENSDARG00000036227,,npvf,100002108
ENSDARG00000074509,,tacr2,100002125
ENSDARG00000062053,,kif1bp,100002194
ENSDARG00000019572,,taf7,100002261
ENSDARG00000067563,,kiss1rb,100002715
ENSDARG00000078888,,iqgap1,100002928
ENSDARG00000104795,,CT826376.2,100002946
ENSDARG00000044153,,ppp1cb,100003223
ENSDARG00000011496,,ppm1bb,100003481
ENSDARG00000035533,,tacr1a,100003539
ENSDARG00000069422,,nhp2,100003787
ENSDARG00000094763,,npy2r,100003852
ENSDARG00000105281,,P2RY1,100003922
ENSDARG00000037966,,thoc6,100004014
ENSDARG00000052846,,fsta,100004116
ENSDARG00000041140,,ddb2,100004133
ENSDARG00000074060,,MAP3K14_2of2,100004261
ENSDARG00000037283,,plrg1,100004402
ENSDARG00000055163,,epo,100004455
ENSDARG00000036394,,pop7,100004610
ENSDARG00000103277,,cyp24a1,100004700
ENSDARG00000087195,,rorc,100004847
ENSDARG00000016788,,zeb1a,100004929
ENSDARG00000058999,,cdx1b,100004956
ENSDARG00000067976,,ar,100005148
ENSDARG00000069100,,aldh9a1a.1,100005587
ENSDARG00000057479,,HRH2,100005590
ENSDARG00000059029,,mmp28,100005670
ENSDARG00000038618,,cpt2,100005717
ENSDARG00000038635,,magoh,100005893
ENSDARG00000068761,,mespab,100006128
ENSDARG00000045150,,csnk1e,100006858
ENSDARG00000100794,,mmp13b,100006896
ENSDARG00000090768,,zp3.2,100007710
ENSDARG00000079202,,parp2,100007906
ENSDARG00000017007,,nr4a2a,100008101
ENSDARG00000075265,,plaua,100008445
ENSDARG00000017423,,patl1,100009659
ENSDARG00000042982,,cyp2p8,100034366
ENSDARG00000042980,,cyp2p7,100034406
ENSDARG00000061974,,grhl2b,100034503
ENSDARG00000070228,,cdk6,100034507
ENSDARG00000054510,,adrb2b,100037315
ENSDARG00000054799,,rfc1,100037336
ENSDARG00000038869,,htr5a,100038775
ENSDARG00000058341,,casp8l1,100049706
ENSDARG00000104292,,ctgfb,100124530
ENSDARG00000029688,,hsp70.1,100126123
ENSDARG00000056410,,fdx1,100126232
ENSDARG00000075829,,kiss1,100134982
ENSDARG00000056795,,serpine1,100136840
ENSDARG00000059360,,srsf3b,100145909
ENSDARG00000091481,,foxc1a,100148408
ENSDARG00000076624,,ptprb,100149130
ENSDARG00000077364,,mapk9,100149273
ENSDARG00000071298,,chrm3b,100149598
ENSDARG00000068934,,cyp1b1,100150054
ENSDARG00000098320,,grm1b,100150246
ENSDARG00000070941,,igfbp6a,100150352
ENSDARG00000070903,,met,100150664
ENSDARG00000069254,,chrm4a,100150701
ENSDARG00000075694,,adora1,100150997
ENSDARG00000070378,,ccl35.2,100170201
ENSDARG00000041623,,mt2,100174951
ENSDARG00000077985,,kiss2,100216472
ENSDARG00000003553,,gnrhr2,100270671
ENSDARG00000100593,,gnrhr1,100270672
ENSDARG00000054968,,cd40,100270764
ENSDARG00000090833,,igfbp6b,100301946
ENSDARG00000032631,,LTB4R,100317356
ENSDARG00000062707,,plat,100320028
ENSDARG00000102956,,mmp17b,100322027
ENSDARG00000089887,,mmp20a,100329766
ENSDARG00000058993,,rock1,100329779
ENSDARG00000054447,,SLC29A1_1of2,100331439
ENSDARG00000086294,,CU914776.1,100332204
ENSDARG00000045443,,agtr1b,100333455
ENSDARG00000028878,,vipr1a,100334247
ENSDARG00000075369,,nck1b,100334953
ENSDARG00000091624,,ugt2b5,100384902
ENSDARG00000077495,,ptpn9a,100526653
ENSDARG00000091702,,CSNK2A1,100535532
ENSDARG00000099854,,HTR7_2of2,100536080
ENSDARG00000089369,,fdxr,100536115
ENSDARG00000055479,,mmp20b,100537445
ENSDARG00000039145,,plaub,100538108
ENSDARG00000053929,,opn4b,100884131
ENSDARG00000102318,,il6,100885851
ENSDARG00000103868,,E2F1,101885420
ENSDARG00000074816,,si-zfos-367g9.1,103908641
ENSDARG00000011405,,rps9,114420
ENSDARG00000013207,,zeb1b,114425
ENSDARG00000007377,,odc1,114426
ENSDARG00000094132,,igf1,114433
ENSDARG00000090237,,zp2.3,114438
ENSDARG00000052649,,ube2ia,114445
ENSDARG00000038743,,copb2,114454
ENSDARG00000054063,,arpc4,114456
ENSDARG00000031796,,ache,114549
ENSDARG00000011876,,ednraa,114550
ENSDARG00000080010,,adh5,116517
ENSDARG00000053493,,aldh1a2,116713
ENSDARG00000042529,,gnat2,140429
ENSDARG00000063908,,mt-co2,140540
ENSDARG00000035622,,xbp1,140614
ENSDARG00000059279,,tfap2a,140618
ENSDARG00000015524,,prps1a,140620
ENSDARG00000017905,,casp3a,140621
ENSDARG00000016706,,atic,140622
ENSDARG00000034503,,per2,140633
ENSDARG00000098315,,cyp1a,140634
ENSDARG00000043257,,ckbb,140744
ENSDARG00000042725,,cebpb,140814
ENSDARG00000036074,,cebpa,140815
ENSDARG00000071418,,gbx1,142985
ENSDARG00000052765,,gria2b,170451
ENSDARG00000032737,,gria3a,170452
ENSDARG00000037017,,ube4b,170784
ENSDARG00000076667,,ccng1,171473
ENSDARG00000023290,,fabp3,171478
ENSDARG00000038439,,fabp10a,171481
ENSDARG00000011094,,ccna2,192295
ENSDARG00000043453,,rps5,192297
ENSDARG00000021669,,sec61a1,192298
ENSDARG00000018334,,rpl35,192299
ENSDARG00000100392,,rps18,192300
ENSDARG00000099104,,rpl24,192301
ENSDARG00000015427,,hdac1,192302
ENSDARG00000012399,,adssl,192305
ENSDARG00000052674,,csnk1a1,192307
ENSDARG00000092553,,slc25a5,192321
ENSDARG00000014898,,ncbp2,192325
ENSDARG00000015325,,u2af1,192328
ENSDARG00000009871,,snrpc,192330
ENSDARG00000011648,,snrpd1,192331
ENSDARG00000038882,,smc4,192332
ENSDARG00000030694,,atp6v1e1b,192335
ENSDARG00000057853,,atp6v0ca,192336
ENSDARG00000058105,,rpl36a,195819
ENSDARG00000071494,,fshr,195820
ENSDARG00000037153,,atp6ap1b,195824
ENSDARG00000037998,,flot1b,245697
ENSDARG00000004830,,flot2a,245698
ENSDARG00000011948,,insra,245699
ENSDARG00000071524,,insrb,245700
ENSDARG00000027423,,igf1ra,245701
ENSDARG00000034434,,igf1rb,245702
ENSDARG00000002933,,gbx2,245948
ENSDARG00000012987,,gpia,246094
ENSDARG00000020046,,ahr1a,246224
ENSDARG00000052148,,ptgs1,246226
ENSDARG00000004539,,ptgs2a,246227
ENSDARG00000004111,,esr1,259252
ENSDARG00000055969,,rfc3,259256
ENSDARG00000004015,,adcyap1a,259257
ENSDARG00000052039,,caspb,259303
ENSDARG00000021172,,cyp2ad2,259306
ENSDARG00000104541,,msh6,260437
ENSDARG00000020574,,atp2a1,260440
ENSDARG00000040492,,mthfd1b,260441
ENSDARG00000006868,,trh,266721
ENSDARG00000068177,,pak2a,266749
ENSDARG00000040841,,adra2a,266750
ENSDARG00000069669,,adra2c,266752
ENSDARG00000018179,,acvrl1,266753
ENSDARG00000005675,,sec61al2,266796
ENSDARG00000104953,,stt3a,266797
ENSDARG00000036239,,gatm,266799
ENSDARG00000105046,,ccnf,266981
ENSDARG00000037109,,pwp2h,266990
ENSDARG00000041895,,cad,266992
ENSDARG00000103799,,kars,280647
ENSDARG00000058471,,plk1,280649
ENSDARG00000056926,,drd2a,282557
ENSDARG00000020364,,fbp1b,282672
ENSDARG00000056160,,hspd1,282676
ENSDARG00000043865,,timm9,282678
ENSDARG00000019507,,mcm5,286747
ENSDARG00000045155,,phf5a,286774
ENSDARG00000006370,,atp6v1h,286779
ENSDARG00000101209,,lamb1a,286830
ENSDARG00000101744,,hug,30065
ENSDARG00000077840,,meis2b,30066
ENSDARG00000104702,,cat,30068
ENSDARG00000024894,,tbx5a,30071
ENSDARG00000012671,,inhbaa,30072
ENSDARG00000003732,,mitfa,30080
ENSDARG00000007923,,ptpn1,30081
ENSDARG00000099420,,nme2b.2,30084
ENSDARG00000100990,,nme3,30085
ENSDARG00000056193,,nme7,30086
ENSDARG00000013505,,ube2kb,30100
ENSDARG00000104453,,flt4,30121
ENSDARG00000003411,,foxa2,30126
ENSDARG00000055554,,wnt1,30128
ENSDARG00000025641,,gli2a,30154
ENSDARG00000037879,,lfng,30158
ENSDARG00000003487,,nup93,30172
ENSDARG00000042826,,egr2b,30190
ENSDARG00000101637,,ccnd1,30222
ENSDARG00000002952,,smo,30225
ENSDARG00000018902,,pes,30228
ENSDARG00000056130,,neurog1,30239
ENSDARG00000103979,,calr3a,30248
ENSDARG00000017369,,sema3d,30250
ENSDARG00000016771,,tfa,30255
ENSDARG00000014571,,ctnnb1,30265
ENSDARG00000058570,,ccl27a,30268
ENSDARG00000040777,,inhbb,30275
ENSDARG00000036036,,mdka,30277
ENSDARG00000020625,,jak1,30280
ENSDARG00000036222,,npy,30281
ENSDARG00000002193,,rho,30295
ENSDARG00000042904,,foxo3b,30296
ENSDARG00000018882,,jak2b,30298
ENSDARG00000104808,,jak2a,30307
ENSDARG00000040295,,apoeb,30314
ENSDARG00000058379,,otpb,30316
ENSDARG00000013057,,hoxb5a,30317
ENSDARG00000008174,,hoxb1a,30337
ENSDARG00000000175,,hoxb2a,30338
ENSDARG00000029263,,hoxb3a,30339
ENSDARG00000013533,,hoxb4a,30340
ENSDARG00000010630,,hoxb6a,30341
ENSDARG00000056027,,hoxb8a,30343
ENSDARG00000087697,,lpl,30354
ENSDARG00000060004,,fzd7a,30369
ENSDARG00000054438,,fzd2,30370
ENSDARG00000070340,,hoxc5a,30379
ENSDARG00000038225,,nras,30380
ENSDARG00000033999,,cyp26a1,30381
ENSDARG00000030621,,th,30384
ENSDARG00000075445,,psmb5,30387
ENSDARG00000002240,,psmb6,30388
ENSDARG00000041348,,cyp19a1a,30390
ENSDARG00000101576,,ta,30399
ENSDARG00000044862,,opn1lw1,30413
ENSDARG00000033172,,nr2f5,30427
ENSDARG00000077776,,csnk2b,30428
ENSDARG00000053254,,mylpfa,30429
ENSDARG00000030756,,dnmt1,30430
ENSDARG00000018494,,smn1,30432
ENSDARG00000017274,,opn1sw2,30435
ENSDARG00000040163,,prim1,30440
ENSDARG00000089334,,ednrba,30442
ENSDARG00000056258,,cdc27,30450
ENSDARG00000044422,,acvr2b,30457
ENSDARG00000013477,,gata1a,30481
ENSDARG00000017821,,gata5,30482
ENSDARG00000098952,,gata4,30483
ENSDARG00000002006,,rxrbb,30486
ENSDARG00000012818,,csnk2a2a,30488
ENSDARG00000040764,,id1,30493
ENSDARG00000101251,,ldha,30496
ENSDARG00000019644,,ldhba,30497
ENSDARG00000037421,,egr1,30498
ENSDARG00000011235,,otx2,30501
ENSDARG00000097008,,opn1mw1,30503
ENSDARG00000069446,,dbh,30505
ENSDARG00000041660,,oprd1a,30509
ENSDARG00000004415,,tcf7l2,30510
ENSDARG00000021833,,ahr2,30517
ENSDARG00000016448,,vtg3,30518
ENSDARG00000053666,,myb,30519
ENSDARG00000038159,,tcf7l1a,30523
ENSDARG00000078954,,rxrba,30530
ENSDARG00000003399,,fgf8a,30538
ENSDARG00000102138,,foxa1,30541
ENSDARG00000101717,,sox17,30544
ENSDARG00000004586,,ntrk1,30546
ENSDARG00000101540,,fgf3,30549
ENSDARG00000043848,,sod1,30553
ENSDARG00000007369,,tcf7l1b,30556
ENSDARG00000012788,,foxa3,30559
ENSDARG00000103379,,pax6a,30567
ENSDARG00000057026,,ran,30572
ENSDARG00000029764,,mef2ca,30575
ENSDARG00000045677,,opn1sw1,30582
ENSDARG00000035559,,tp53,30590
ENSDARG00000010478,,hsp90aa1.1,30591
ENSDARG00000038147,,hbbe3,30596
ENSDARG00000034117,,rarga,30606
ENSDARG00000021163,,thrb,30607
ENSDARG00000099744,,gap43,30608
ENSDARG00000019995,,bmp4,30612
ENSDARG00000014986,,acvr1l,30615
ENSDARG00000007438,,ube2ib,30622
ENSDARG00000027199,,smad1,30628
ENSDARG00000013409,,bmp2a,30631
ENSDARG00000041430,,bmp2b,30632
ENSDARG00000033443,,mdm2,30637
ENSDARG00000006389,,smad2,30639
ENSDARG00000025301,,gfap,30646
ENSDARG00000002165,,psme1,30648
ENSDARG00000012234,,psme3,30649
ENSDARG00000017803,,gsk3b,30654
ENSDARG00000035609,,mtnr1c,30661
ENSDARG00000015681,,gsk3ab,30664
ENSDARG00000000151,,thraa,30670
ENSDARG00000012019,,glra1,30676
ENSDARG00000054155,,pcna,30678
ENSDARG00000056783,,raraa,30680
ENSDARG00000042021,,mapk12a,30681
ENSDARG00000103542,,vegfaa,30682
ENSDARG00000079802,,aanat2,30685
ENSDARG00000045695,,myca,30686
ENSDARG00000017354,,epha2a,30689
ENSDARG00000021232,,nkx2.7,30694
ENSDARG00000018004,,nkx2.5,30696
ENSDARG00000103027,,clns1a,30699
ENSDARG00000031894,,lef1,30701
ENSDARG00000043250,,ppm1ab,30703
ENSDARG00000032155,,ppm1aa,30704
ENSDARG00000011027,,fgfr1a,30705
ENSDARG00000018643,,igf2a,30710
ENSDARG00000096415,,raf1a,30716
ENSDARG00000002779,,pdx1,30721
ENSDARG00000009021,,chrna1,30725
ENSDARG00000011594,,smarcb1b,30731
ENSDARG00000014420,,elavl3,30732
ENSDARG00000078069,,rrm2,30733
ENSDARG00000038695,,elavl1,30736
ENSDARG00000034541,,tgfbr2,30739
ENSDARG00000014017,,rrm1,30740
ENSDARG00000102441,,ctnna1,30741
ENSDARG00000028663,,tek,30747
ENSDARG00000044525,,pparda,30750
ENSDARG00000009473,,ppardb,30754
ENSDARG00000022712,,stat3,30767
ENSDARG00000005645,,robo3,30770
ENSDARG00000077264,,wdr43,317637
ENSDARG00000099351,,igfbp1a,317638
ENSDARG00000002591,,ruvbl1,317679
ENSDARG00000034181,,esr2b,317733
ENSDARG00000016454,,esr2a,317734
ENSDARG00000008816,,glud1a,317737
ENSDARG00000045308,,pola1,317740
ENSDARG00000043457,,gapdh,317743
ENSDARG00000006900,,impdh2,317745
ENSDARG00000044914,,suclg2,317746
ENSDARG00000041361,,ttk,317763
ENSDARG00000059259,,pabpc4,321035
ENSDARG00000002790,,ap2m1a,321051
ENSDARG00000011079,,wdr3,321058
ENSDARG00000008867,,rap1b,321107
ENSDARG00000023299,,nhp2l1b,321114
ENSDARG00000033539,,paics,321193
ENSDARG00000005454,,tacc3,321283
ENSDARG00000062025,,cpox,321294
ENSDARG00000012682,,pfn2l,321383
ENSDARG00000052960,,nppa,321442
ENSDARG00000007836,,ctsla,321453
ENSDARG00000025147,,cd63,321461
ENSDARG00000077870,,taf9,321485
ENSDARG00000015239,,prp19,321544
ENSDARG00000058467,,prpf40a,321555
ENSDARG00000052178,,eif2s1b,321564
ENSDARG00000037038,,psmc6,321585
ENSDARG00000101126,,atad5b,321619
ENSDARG00000053684,,aldob,321664
ENSDARG00000040287,,ywhabl,321729
ENSDARG00000003235,,nup88,321744
ENSDARG00000004774,,wdr36,321745
ENSDARG00000005926,,ak2,321793
ENSDARG00000016710,,rchy1,321875
ENSDARG00000016598,,ckmt1,321892
ENSDARG00000006219,,gnl3,321897
ENSDARG00000052377,,psmd12,321898
ENSDARG00000001873,,phgdh,321928
ENSDARG00000015392,,dhx15,321931
ENSDARG00000007141,,psmc3,321947
ENSDARG00000056414,,usp1,322007
ENSDARG00000074301,,cth,322055
ENSDARG00000015070,,pola2,322059
ENSDARG00000030700,,ctps1a,322089
ENSDARG00000013655,,tpd52l2b,322103
ENSDARG00000008370,,csnk1da,322106
ENSDARG00000013623,,vdac2,322126
ENSDARG00000009001,,pdia6,322160
ENSDARG00000003681,,eif5,322256
ENSDARG00000005134,,psmd11b,322265
ENSDARG00000006092,,rad21a,322275
ENSDARG00000011488,,sirt2,322309
ENSDARG00000015866,,apoa2,322327
ENSDARG00000103364,,cs,322339
ENSDARG00000021494,,hnf4a,322358
ENSDARG00000071691,,uqcrc2b,322549
ENSDARG00000003599,,rpl3,322571
ENSDARG00000057912,,eif1axb,322599
ENSDARG00000014572,,chpt1,322605
ENSDARG00000007294,,aco2,322670
ENSDARG00000043857,,ufm1,322756
ENSDARG00000045620,,nansa,322780
ENSDARG00000005536,,ubr7,322815
ENSDARG00000020465,,ewsr1b,322880
ENSDARG00000017454,,nup50,322969
ENSDARG00000013078,,ywhaba,323055
ENSDARG00000005423,,pgam1a,323107
ENSDARG00000042236,,atrx,323299
ENSDARG00000042905,,rpl10a,323305
ENSDARG00000001557,,tomm34,323361
ENSDARG00000103433,,rpl14,323365
ENSDARG00000012495,,mphosph10,323426
ENSDARG00000104431,,slc1a3a,323439
ENSDARG00000070657,,pa2g4b,323462
ENSDARG00000015352,,lsg1,323464
ENSDARG00000020258,,ewsr1a,323597
ENSDARG00000017320,,f11r.1,323696
ENSDARG00000103893,,srsf2b,323700
ENSDARG00000007996,,pou2f1b,323702
ENSDARG00000091367,,prpf6,323855
ENSDARG00000019239,,cul1a,323883
ENSDARG00000052966,,nmt1a,323956
ENSDARG00000038576,,ube2d1b,324015
ENSDARG00000056127,,polr2gl,324088
ENSDARG00000019098,,cd82a,324098
ENSDARG00000088347,,sp1,324109
ENSDARG00000018890,,snrpa,324121
ENSDARG00000021433,,asmtl,324134
ENSDARG00000025522,,sgk1,324140
ENSDARG00000030583,,foxk2,324141
ENSDARG00000077121,,cyp26b1,324188
ENSDARG00000015918,,dlat,324201
ENSDARG00000033307,,igf2b,324215
ENSDARG00000045228,,stub1,324243
ENSDARG00000075682,,orc6,324256
ENSDARG00000002402,,ercc3,324323
ENSDARG00000015575,,cyp3c1,324340
ENSDARG00000053047,,eif2s2,324365
ENSDARG00000042533,,gstm,324366
ENSDARG00000019000,,smc3,324475
ENSDARG00000027649,,cpsf3,324554
ENSDARG00000005891,,cyb5r3,324560
ENSDARG00000053070,,gosr2,324569
ENSDARG00000008395,,snupn,324743
ENSDARG00000041252,,gemin4,324754
ENSDARG00000004891,,pex19,324778
ENSDARG00000103578,,gtf2b,324823
ENSDARG00000042728,,plaa,324855
ENSDARG00000058292,,sephs1,324947
ENSDARG00000018476,,pak2b,325034
ENSDARG00000040031,,tardbp,325052
ENSDARG00000038290,,thoc5,325064
ENSDARG00000008107,,src,325084
ENSDARG00000090697,,eif3ea,325102
ENSDARG00000002720,,utp15,325106
ENSDARG00000026871,,uchl1,325119
ENSDARG00000043180,,gpd1b,325181
ENSDARG00000098627,,gspt1l,325284
ENSDARG00000037361,,kdelr2b,325464
ENSDARG00000003216,,anxa2a,325557
ENSDARG00000059323,,rpn1,325561
ENSDARG00000044301,,atf1,325609
ENSDARG00000015128,,rpl27,325618
ENSDARG00000003607,,nr2f6a,325637
ENSDARG00000014915,,ndufab1b,325712
ENSDARG00000016858,,smad7,326282
ENSDARG00000010207,,smad3b,326283
ENSDARG00000045928,,psma4,326687
ENSDARG00000019444,,ssr4,326701
ENSDARG00000036060,,exosc6,326786
ENSDARG00000027099,,psmc4,326884
ENSDARG00000067639,,prpf4,326944
ENSDARG00000020197,,rpl5a,326961
ENSDARG00000099663,,cox5ab,326962
ENSDARG00000076283,,snrpd3l,327011
ENSDARG00000015853,,rnps1,327020
ENSDARG00000010381,,rnf2,327035
ENSDARG00000022213,,uck2b,327057
ENSDARG00000018618,,cpsf6,327069
ENSDARG00000007347,,degs1,327075
ENSDARG00000006691,,rpl12,327089
ENSDARG00000013670,,hyou1,327133
ENSDARG00000014068,,pgam1b,327165
ENSDARG00000020008,,vcp,327197
ENSDARG00000074849,,rac1a,327204
ENSDARG00000058504,,ap1s2,327237
ENSDARG00000006624,,ppp2r2ab,327263
ENSDARG00000019360,,sec23b,327268
ENSDARG00000100435,,sec22bb,327277
ENSDARG00000003931,,cndp2,327288
ENSDARG00000071566,,ppp1cab,327301
ENSDARG00000002552,,mapkapk2a,327321
ENSDARG00000102417,,psmd7,327330
ENSDARG00000014139,,srp72,327335
ENSDARG00000100825,,calm3a,327379
ENSDARG00000100487,,nploc4,327447
ENSDARG00000036966,,hsd3b7,327462
ENSDARG00000023814,,dyrk1ab,327466
ENSDARG00000003938,,rpa1,327491
ENSDARG00000016733,,psat1,327512
ENSDARG00000076815,,eif3s10,327515
ENSDARG00000044627,,alg8,327601
ENSDARG00000033604,,lrpap1,333939
ENSDARG00000018953,,gclm,333974
ENSDARG00000020334,,ptpn11a,333979
ENSDARG00000059252,,zpcx,334011
ENSDARG00000018961,,gtpbp4,334050
ENSDARG00000018989,,hspa4b,334086
ENSDARG00000001975,,hsd11b2,334098
ENSDARG00000022456,,eno1a,334116
ENSDARG00000014806,,hacd2,334121
ENSDARG00000037491,,bmp15,334183
ENSDARG00000039605,,mat1a,334195
ENSDARG00000018426,,aldh7a1,334197
ENSDARG00000016443,,eif3c,334234
ENSDARG00000008805,,orc3,334315
ENSDARG00000059711,,nol6,334362
ENSDARG00000003866,,tm9sf2,334370
ENSDARG00000007955,,iars,334393
ENSDARG00000017049,,adsl,334431
ENSDARG00000037929,,strada,334550
ENSDARG00000045132,,vdac1,334582
ENSDARG00000057167,,eif4g2b,334618
ENSDARG00000018192,,ubr5,334627
ENSDARG00000035152,,ap2b1,334632
ENSDARG00000033596,,polr2c,334669
ENSDARG00000026726,,anxa1a,334724
ENSDARG00000004280,,seh1l,334749
ENSDARG00000036071,,gtf2h4,334839
ENSDARG00000022315,,atp6v1g1,335025
ENSDARG00000023323,,ywhaqb,335195
ENSDARG00000021120,,ndc1,335236
ENSDARG00000029818,,srsf5a,335396
ENSDARG00000027063,,arpc1b,335474
ENSDARG00000003961,,parp3,335495
ENSDARG00000006316,,rpl23a,335539
ENSDARG00000089043,,ptpn6,335573
ENSDARG00000027740,,adcyap1b,335625
ENSDARG00000101406,,rplp2,335629
ENSDARG00000019404,,atp5d,335709
ENSDARG00000025889,,usp14,335736
ENSDARG00000054907,,cox7a3,335751
ENSDARG00000022438,,cox6a1,335774
ENSDARG00000042644,,sod2,335799
ENSDARG00000099730,,pkma,335817
ENSDARG00000004754,,hspa4a,335865
ENSDARG00000043531,,jun,335916
ENSDARG00000005840,,got2b,335974
ENSDARG00000009724,,rpn2,335985
ENSDARG00000101626,,arf6a,336063
ENSDARG00000059368,,gria4b,336069
ENSDARG00000104537,,cox7c,336118
ENSDARG00000011665,,aldoaa,336425
ENSDARG00000021257,,eif3d,336498
ENSDARG00000039142,,arpc5a,336504
ENSDARG00000037159,,oprd1b,336529
ENSDARG00000025977,,blmh,336541
ENSDARG00000103007,,rps3,336550
ENSDARG00000010516,,rpl21,336568
ENSDARG00000032575,,ywhaz,336610
ENSDARG00000044345,,cyfip1,336613
ENSDARG00000010194,,eif4bb,336619
ENSDARG00000031435,,zgc-56493,336637
ENSDARG00000057556,,C21H18orf32,336641
ENSDARG00000009978,,icn,336655
ENSDARG00000037071,,rps26,336662
ENSDARG00000002344,,tubb4b,336681
ENSDARG00000036629,,rps14,336687
ENSDARG00000037350,,rpl9,336702
ENSDARG00000007320,,rpl7,336710
ENSDARG00000025581,,rpl10,336712
ENSDARG00000035871,,rpl30,336713
ENSDARG00000058451,,rpl6,336727
ENSDARG00000010160,,rps15a,336764
ENSDARG00000030537,,psmc1a,336786
ENSDARG00000053457,,rpl23,336812
ENSDARG00000044573,,cdc42,336839
ENSDARG00000045514,,atp5c1,336957
ENSDARG00000025820,,chek2,336998
ENSDARG00000036875,,rps12,337007
ENSDARG00000019230,,rpl7a,337010
ENSDARG00000054530,,rars,337070
ENSDARG00000041182,,rpl4,337090
ENSDARG00000070849,,rps15,337148
ENSDARG00000017676,,mmp2,337179
ENSDARG00000014165,,ssr3,337190
ENSDARG00000042708,,tuba8l,337223
ENSDARG00000059070,,gars,337230
ENSDARG00000100742,,reep5,337237
ENSDARG00000035692,,rps3a,337240
ENSDARG00000003941,,rrs1,337399
ENSDARG00000012222,,nup35,337461
ENSDARG00000040041,,mcm4,337598
ENSDARG00000021149,,cbr1l,337696
ENSDARG00000024433,,pvalb4,337731
ENSDARG00000032725,,rps27a,337810
ENSDARG00000021812,,cherp,337851
ENSDARG00000029524,,impdh1b,338306
ENSDARG00000101244,,gli1,352930
ENSDARG00000035732,,arntl1b,352935
ENSDARG00000094857,,dio2,352937
ENSDARG00000098612,,chrm2a,352938
ENSDARG00000029432,,tph1a,352943
ENSDARG00000044754,,gnrh2,353222
ENSDARG00000041502,,tgfb1a,359834
ENSDARG00000061226,,timp2a,359835
ENSDARG00000013443,,atp6v1ba,359839
ENSDARG00000056214,,gnrh3,360141
ENSDARG00000027552,,mapk1,360144
ENSDARG00000042824,,nfe2l2a,360149
ENSDARG00000044280,,opn1mw2,360151
ENSDARG00000031891,,tbx1,368206
ENSDARG00000034187,,calm1b,368217
ENSDARG00000039429,,adka,368220
ENSDARG00000037654,,pmm2,368229
ENSDARG00000035913,,yars,368235
ENSDARG00000041065,,hspb1,368243
ENSDARG00000088828,,paqr8,368254
ENSDARG00000022995,,clic4,368255
ENSDARG00000034907,,paqr7b,368256
ENSDARG00000014230,,dlst,368262
ENSDARG00000036164,,cars,368284
ENSDARG00000101423,,cyp2y3,368352
ENSDARG00000056623,,ptenb,368415
ENSDARG00000037498,,gria3b,368416
ENSDARG00000000631,,ptpn4a,368448
ENSDARG00000068557,,htr5al,368475
ENSDARG00000040730,,wdr75,368478
ENSDARG00000044972,,bcap31,368488
ENSDARG00000103716,,si-busm1-48c11.3,368614
ENSDARG00000079605,,prmt5,368664
ENSDARG00000101334,,ctsc,368704
ENSDARG00000039578,,pa2g4a,368737
ENSDARG00000070206,,si-zfos-2070c2.1,368748
ENSDARG00000036787,,abcb3l1,368771
ENSDARG00000042853,,ivd,368775
ENSDARG00000103702,,si-busm1-194e12.8,368816
ENSDARG00000031745,,si-zfos-2070c2.4,368878
ENSDARG00000014994,,tbp,368882
ENSDARG00000023967,,atp6v1c1a,368907
ENSDARG00000001578,,echs1,368912
ENSDARG00000027087,,tgfb2,369194
ENSDARG00000019367,,tgfb3,369195
ENSDARG00000005026,,tshz1,369196
ENSDARG00000005162,,tpm3,373076
ENSDARG00000088246,,thoc1,373077
ENSDARG00000036299,,nucb2a,373078
ENSDARG00000045367,,tuba1b,373080
ENSDARG00000021242,,mvp,373081
ENSDARG00000003035,,hspa9,373085
ENSDARG00000101074,,glud1b,373092
ENSDARG00000101627,,ssr1,373100
ENSDARG00000044619,,birc2,373107
ENSDARG00000062052,,casp2,373118
ENSDARG00000010085,,p4ha2,373132
ENSDARG00000011370,,fyna,373872
ENSDARG00000018967,,gabbr1a,373873
ENSDARG00000002235,,mmp14a,373882
ENSDARG00000103226,,dhcr7,378446
ENSDARG00000012025,,hs6st2,378450
ENSDARG00000036675,,hnrnpa1b,378453
ENSDARG00000014858,,drd2l,378718
ENSDARG00000011091,,drd2b,378719
ENSDARG00000012369,,rdh10b,378722
ENSDARG00000013522,,pck1,378727
ENSDARG00000103846,,hspa5,378848
ENSDARG00000099380,,rpl13,378961
ENSDARG00000039007,,eno3,378963
ENSDARG00000011219,,akt2,378972
ENSDARG00000069099,,tmco1,378980
ENSDARG00000003570,,hsp90b1,386590
ENSDARG00000004452,,tardbpl,386630
ENSDARG00000092115,,eif4a1a,386634
ENSDARG00000103347,,cyp2aa3,386638
ENSDARG00000033662,,scd,386661
ENSDARG00000035694,,stm,386700
ENSDARG00000015088,,dnajb11,386709
ENSDARG00000090788,,cstf2,386806
ENSDARG00000026712,,rab5c,386807
ENSDARG00000005612,,aph1b,386808
ENSDARG00000059043,,ntf3,386825
ENSDARG00000020232,,eif6,386850
ENSDARG00000070494,,pdgfra,386856
ENSDARG00000026294,,erbb2,386966
ENSDARG00000012395,,mmp13a,387293
ENSDARG00000029476,,ldlra,387529
ENSDARG00000005191,,ahcy,387530
ENSDARG00000007092,,xab2,387600
ENSDARG00000098433,,utp6,393107
ENSDARG00000042978,,cyp2p6,393108
ENSDARG00000018738,,zw10,393110
ENSDARG00000010782,,zgc-55621,393135
ENSDARG00000007241,,mycb,393141
ENSDARG00000012215,,umps,393143
ENSDARG00000029353,,serpine2,393153
ENSDARG00000006260,,tuba8l4,393154
ENSDARG00000041145,,paqr5a,393156
ENSDARG00000104765,,chek1,393162
ENSDARG00000018891,,rnaseh2a,393195
ENSDARG00000002613,,rpa3,393196
ENSDARG00000034293,,hif1ab,393202
ENSDARG00000040433,,cyp2k22,393204
ENSDARG00000015254,,fzr1a,393223
ENSDARG00000069287,,imp3,393237
ENSDARG00000005128,,rnaseh2b,393241
ENSDARG00000035285,,ncor1,393246
ENSDARG00000104516,,polr3d,393257
ENSDARG00000070674,,psmd6,393261
ENSDARG00000015921,,pwp1,393262
ENSDARG00000041689,,usf1,393266
ENSDARG00000029445,,EIF1B,393273
ENSDARG00000007405,,strap,393274
ENSDARG00000011662,,chuk,393287
ENSDARG00000025332,,rbm28,393291
ENSDARG00000023160,,snrnp40,393292
ENSDARG00000071377,,hsd11b1la,393293
ENSDARG00000045877,,ube2nb,393313
ENSDARG00000023287,,hsd17b3,393335
ENSDARG00000007863,,tra2a,393388
ENSDARG00000016038,,hacd3,393441
ENSDARG00000095904,,prpf31,393476
ENSDARG00000037860,,cox6b2,393478
ENSDARG00000012261,,eftud2,393480
ENSDARG00000104593,,cyp2k18,393484
ENSDARG00000042777,,ndufa11,393497
ENSDARG00000086411,,srsf10b,393505
ENSDARG00000037261,,mtap,393526
ENSDARG00000022845,,lias,393528
ENSDARG00000051756,,pdhx,393532
ENSDARG00000039400,,polr1c,393538
ENSDARG00000056964,,ilk,393543
ENSDARG00000018124,,psmd3,393544
ENSDARG00000007982,,onecut1,393545
ENSDARG00000079516,,cisd1,393577
ENSDARG00000022631,,cyp2p9,393592
ENSDARG00000012840,,alg9,393598
ENSDARG00000011434,,ptger2a,393608
ENSDARG00000054259,,nat10,393617
ENSDARG00000031164,,tuba8l2,393664
ENSDARG00000023852,,lsm4,393669
ENSDARG00000098355,,atp5h,393675
ENSDARG00000036567,,aanat1,393677
ENSDARG00000013414,,lin7a,393682
ENSDARG00000017703,,paqr3a,393683
ENSDARG00000036344,,calb2b,393684
ENSDARG00000014867,,rpl8,393686
ENSDARG00000057854,,sap18,393693
ENSDARG00000057624,,cops5,393698
ENSDARG00000058041,,ndufa8,393700
ENSDARG00000028889,,ndufb10,393703
ENSDARG00000099022,,faua,393710
ENSDARG00000030408,,rps26l,393715
ENSDARG00000003151,,skp1,393716
ENSDARG00000013044,,ndufv2,393720
ENSDARG00000053656,,lypla2,393722
ENSDARG00000030602,,rps19,393723
ENSDARG00000042566,,rps7,393725
ENSDARG00000015835,,eif4e2rs1,393732
ENSDARG00000045490,,ndufb2,393764
ENSDARG00000008551,,pole3,393774
ENSDARG00000031981,,pcbd1,393787
ENSDARG00000041811,,rps25,393788
ENSDARG00000052304,,uqcrc1,393793
ENSDARG00000104011,,rps17,393818
ENSDARG00000033789,,ndufb7,393821
ENSDARG00000010113,,ndufb8,393829
ENSDARG00000026369,,dbi,393831
ENSDARG00000011958,,ctnnbl1,393840
ENSDARG00000021140,,pabpc1b,393856
ENSDARG00000016721,,sdha,393884
ENSDARG00000031346,,rbm17,393889
ENSDARG00000015006,,dnm1l,393896
ENSDARG00000006257,,vldlr,393897
ENSDARG00000044484,,cdc23,393907
ENSDARG00000036069,,ddx39b,393917
ENSDARG00000007901,,crnkl1,393920
ENSDARG00000016239,,psmd13,393922
ENSDARG00000005220,,pdcd6,393925
ENSDARG00000030278,,idh3a,393926
ENSDARG00000011175,,atp6v1d,393935
ENSDARG00000075132,,fh,393938
ENSDARG00000020101,,psmc2,393941
ENSDARG00000038028,,ndufa6,393943
ENSDARG00000007257,,rab5ab,393945
ENSDARG00000021647,,gnai1,393946
ENSDARG00000042527,,unga,393949
ENSDARG00000098367,,srp54,393963
ENSDARG00000037514,,hdac3,393965
ENSDARG00000103845,,zgc-55733,393968
ENSDARG00000007196,,rae1,393973
ENSDARG00000016889,,eif3g,393974
ENSDARG00000033175,,snrpe,393979
ENSDARG00000045463,,ralaa,393993
ENSDARG00000013561,,pgm1,394000
ENSDARG00000021107,,sf3a2,394018
ENSDARG00000005619,,nek2,394025
ENSDARG00000019181,,rpsa,394027
ENSDARG00000004470,,prkcsh,394028
ENSDARG00000058047,,pafah1b3,394033
ENSDARG00000025073,,rpl18a,394035
ENSDARG00000005791,,rpl28,394036
ENSDARG00000029406,,h2afx,394048
ENSDARG00000018106,,eif2b3,394049
ENSDARG00000102978,,eif4a3,394053
ENSDARG00000037968,,fus,394058
ENSDARG00000043797,,cdc5l,394059
ENSDARG00000103025,,hmgcs1,394060
ENSDARG00000037708,,exosc10,394064
ENSDARG00000042851,,srp9,394071
ENSDARG00000029107,,ube2d1a,394085
ENSDARG00000003153,,cpsf5,394092
ENSDARG00000029500,,rpl34,394097
ENSDARG00000011545,,arrb2b,394099
ENSDARG00000021439,,ncoa4,394104
ENSDARG00000055477,,pelo,394111
ENSDARG00000018623,,rad54l,394119
ENSDARG00000034897,,rps10,394121
ENSDARG00000042658,,acad8,394130
ENSDARG00000007959,,hibadhb,394135
ENSDARG00000007639,,cnot4b,394144
ENSDARG00000017775,,atp5g3a,394151
ENSDARG00000088357,,acadl,394156
ENSDARG00000012572,,polr3f,394162
ENSDARG00000025850,,rps21,394166
ENSDARG00000002168,,tra2b,394172
ENSDARG00000056649,,htatsf1,394178
ENSDARG00000010316,,qars,394188
ENSDARG00000012603,,eif3ja,394189
ENSDARG00000021220,,hmgcl,394190
ENSDARG00000039347,,rps24,394194
ENSDARG00000031683,,fosab,394198
ENSDARG00000008383,,arpc1a,394243
ENSDARG00000008785,,dldh,399479
ENSDARG00000070573,,mapk3,399480
ENSDARG00000019062,,arpc5b,399482
ENSDARG00000010878,,cdkn1ca,399483
ENSDARG00000003032,,eif4a1b,399484
ENSDARG00000042990,,cyp2p10,399485
ENSDARG00000042539,,ywhaqa,399487
ENSDARG00000017772,,mdh1aa,399662
ENSDARG00000033566,,cyp17a1,399692
ENSDARG00000005643,,gcat,402822
ENSDARG00000009942,,cdc6,402825
ENSDARG00000027469,,hsd17b1,402842
ENSDARG00000071209,,oprl1,402851
ENSDARG00000037867,,si-ch211-194i10.5,402883
ENSDARG00000099363,,lhb,402917
ENSDARG00000010841,,fshb,402919
ENSDARG00000011125,,snrpb,402966
ENSDARG00000035325,,srsf7a,402972
ENSDARG00000070069,,pitx3,402974
ENSDARG00000040479,,cga,402987
ENSDARG00000011740,,u2af2b,402989
ENSDARG00000003526,,psma5,403011
ENSDARG00000075883,,bub3,403012
ENSDARG00000025348,,igfbp5b,403039
ENSDARG00000032714,,gria1b,403044
ENSDARG00000069640,,vegfc,403049
ENSDARG00000054533,,araf,403063
ENSDARG00000015628,,psmd10,403085
ENSDARG00000008186,,syk,405769
ENSDARG00000058924,,pou1f1,405777
ENSDARG00000009511,,tnfa,405785
ENSDARG00000099774,,cyb5b,405812
ENSDARG00000043884,,nup43,405828
ENSDARG00000041397,,eif2b2,405839
ENSDARG00000104138,,igfbp7,405860
ENSDARG00000038910,,pccb,405861
ENSDARG00000017571,,mccc2,405863
ENSDARG00000062262,,ednrab,405866
ENSDARG00000038000,,crls1,405867
ENSDARG00000089976,,spcs3,405884
ENSDARG00000100588,,rpl36,405888
ENSDARG00000041232,,rps29,405889
ENSDARG00000004861,,esrrga,405890
ENSDARG00000069266,,esrra,405891
ENSDARG00000051916,,cdk7,405897
ENSDARG00000017445,,eif3i,406263
ENSDARG00000007034,,hnrpkl,406264
ENSDARG00000040439,,rsl24d1,406266
ENSDARG00000016399,,riok1,406268
ENSDARG00000053912,,fbl,406275
ENSDARG00000038900,,acadm,406283
ENSDARG00000057691,,srsf1a,406288
ENSDARG00000005359,,sucla2,406299
ENSDARG00000056008,,atp5g1,406301
ENSDARG00000019332,,C24H11orf65,406306
ENSDARG00000032997,,rnf185,406310
ENSDARG00000045618,,clta,406318
ENSDARG00000038881,,acaa2,406325
ENSDARG00000018904,,cstf3,406326
ENSDARG00000039093,,got1,406330
ENSDARG00000037559,,uba1,406335
ENSDARG00000030092,,tram2,406344
ENSDARG00000058230,,rps6kb1b,406349
ENSDARG00000100741,,cdc20,406353
ENSDARG00000007745,,uqcrfs1,406359
ENSDARG00000039914,,gapdhs,406367
ENSDARG00000019924,,cmpk,406383
ENSDARG00000102317,,rpl26,406387
ENSDARG00000042816,,mmp9,406397
ENSDARG00000028119,,sumo3a,406398
ENSDARG00000043371,,mdh2,406405
ENSDARG00000037318,,ddost,406408
ENSDARG00000098589,,cyb5a,406409
ENSDARG00000026845,,rhoaa,406411
ENSDARG00000051986,,ndufs8a,406413
ENSDARG00000075758,,ywhabb,406419
ENSDARG00000009534,,wls,406420
ENSDARG00000021346,,pdhb,406428
ENSDARG00000028336,,dhdhl,406433
ENSDARG00000023963,,tpm4a,406437
ENSDARG00000044267,,sumo1,406438
ENSDARG00000003818,,prkag1,406440
ENSDARG00000005560,,ywhah,406443
ENSDARG00000100611,,bcl7ba,406444
ENSDARG00000010965,,psma8,406445
ENSDARG00000037284,,ptges3a,406449
ENSDARG00000101161,,orc4,406462
ENSDARG00000031795,,abcf1,406467
ENSDARG00000039851,,dhdds,406468
ENSDARG00000020956,,pck2,406473
ENSDARG00000014463,,usf1l,406475
ENSDARG00000021579,,orc5,406479
ENSDARG00000013307,,rpl19,406489
ENSDARG00000010238,,rbm22,406495
ENSDARG00000039515,,atf4a,406514
ENSDARG00000003695,,vdac3,406529
ENSDARG00000006125,,csnk1db,406533
ENSDARG00000032405,,CKAP4,406549
ENSDARG00000077291,,rps2,406565
ENSDARG00000017675,,cirh1a,406571
ENSDARG00000007603,,stxbp2,406578
ENSDARG00000099241,,ppp2cb,406582
ENSDARG00000014313,,atp5j,406599
ENSDARG00000039022,,stk25b,406600
ENSDARG00000003375,,gng12a,406604
ENSDARG00000036942,,gpd1c,406615
ENSDARG00000039150,,lgmn,406625
ENSDARG00000018010,,crtap,406626
ENSDARG00000033855,,rqcd1,406632
ENSDARG00000105014,,mre11a,406637
ENSDARG00000075261,,timp2b,406650
ENSDARG00000016494,,ddc,406651
ENSDARG00000101332,,uba2,406672
ENSDARG00000007791,,ppp2r1a,406685
ENSDARG00000053058,,rps11,406686
ENSDARG00000041068,,got2a,406688
ENSDARG00000057484,,srsf2a,406691
ENSDARG00000043720,,cdc45,406695
ENSDARG00000018529,,lipf,406713
ENSDARG00000026577,,cdk2,406715
ENSDARG00000007825,,map2k1,406728
ENSDARG00000045843,,apex1,406730
ENSDARG00000102744,,mgst3,406736
ENSDARG00000012972,,cfl1l,406738
ENSDARG00000037488,,canx,406757
ENSDARG00000015343,,pgd,406762
ENSDARG00000007323,,chmp4bb,406766
ENSDARG00000104230,,sec23a,406774
ENSDARG00000013729,,srsf6a,406775
ENSDARG00000057987,,uba3,406776
ENSDARG00000104372,,gnb1b,406796
ENSDARG00000041878,,rab11ba,406798
ENSDARG00000104085,,abcd3a,406803
ENSDARG00000025605,,nvl,406805
ENSDARG00000008748,,ube2na,406807
ENSDARG00000053101,,prpf38b,406810
ENSDARG00000019293,,tfdp1a,406813
ENSDARG00000104066,,dnaja2,406814
ENSDARG00000103553,,sf3b3,406824
ENSDARG00000018022,,msh2,406845
ENSDARG00000010078,,nup133,406852
ENSDARG00000020926,,creb3l3l,406853
ENSDARG00000035264,,riok2,407084
ENSDARG00000000183,,ptpn4b,407634
ENSDARG00000038185,,gh1,407639
ENSDARG00000055996,,rps8a,407690
ENSDARG00000011696,,esrrgb,407691
ENSDARG00000042129,,zp3a.1,407714
ENSDARG00000010779,,tlk2,407732
ENSDARG00000037496,,gria4a,407735
ENSDARG00000003486,,ppp1caa,407980
ENSDARG00000042641,,cyp51,414331
ENSDARG00000102525,,lck,414333
ENSDARG00000038384,,th2,414844
ENSDARG00000098696,,rela,415099
ENSDARG00000038687,,nfkb2,415100
ENSDARG00000036082,,tph1b,415103
ENSDARG00000058548,,bves,415107
ENSDARG00000013382,,cwc15,415140
ENSDARG00000010487,,sae1,415148
ENSDARG00000091402,,eif2b1,415150
ENSDARG00000038835,,ppid,415155
ENSDARG00000009753,,sf3b6,415157
ENSDARG00000044562,,cycsb,415158
ENSDARG00000036995,,lsm6,415167
ENSDARG00000036316,,rpl39,415168
ENSDARG00000078073,,nudt5,415176
ENSDARG00000043561,,psmc1b,415181
ENSDARG00000045836,,mapk11,415185
ENSDARG00000041974,,brk1,415187
ENSDARG00000015862,,rpl5b,415196
ENSDARG00000101295,,psmd4a,415202
ENSDARG00000057882,,arpc3,415204
ENSDARG00000035573,,AK6,415208
ENSDARG00000069910,,gtf2f2a,415217
ENSDARG00000020454,,psmd8,415221
ENSDARG00000089626,,ptges3b,415227
ENSDARG00000043509,,rpl11,415229
ENSDARG00000012553,,rap1aa,415242
ENSDARG00000036329,,ndufa1,415243
ENSDARG00000015978,,COX5B_2of3,415253
ENSDARG00000014222,,zgc-86598,415254
ENSDARG00000099677,,bambib,431736
ENSDARG00000018110,,pak4,431769
ENSDARG00000026198,,enoph1,431773
ENSDARG00000034178,,cpsf1,432372
ENSDARG00000028082,,mapkapk5,436608
ENSDARG00000004697,,rxrgb,436617
ENSDARG00000013776,,thop1,436628
ENSDARG00000032639,,cd36,436636
ENSDARG00000053485,,aldh6a1,436647
ENSDARG00000031776,,zgc-92066,436651
ENSDARG00000000212,,krt97,436656
ENSDARG00000028971,,cpsf2,436657
ENSDARG00000044532,,nr4a2b,436679
ENSDARG00000006300,,psmd9,436709
ENSDARG00000045359,,tceb1b,436713
ENSDARG00000044861,,opn1lw2,436716
ENSDARG00000010051,,ufd1l,436724
ENSDARG00000044125,,txn,436734
ENSDARG00000102590,,polr3h,436749
ENSDARG00000016855,,sf3b5,436751
ENSDARG00000069866,,sox1a,436756
ENSDARG00000006413,,rpl38,436759
ENSDARG00000088030,,rpl35a,436760
ENSDARG00000029064,,uqcrq,436768
ENSDARG00000018637,,sec61g,436772
ENSDARG00000008936,,sec11a,436794
ENSDARG00000045543,,atp6v1f,436799
ENSDARG00000038941,,ppp1r1c,436811
ENSDARG00000036625,,polr2f,436817
ENSDARG00000046048,,vapal,436819
ENSDARG00000037855,,taf11,436821
ENSDARG00000037835,,polr3k,436826
ENSDARG00000056510,,gstk1,436833
ENSDARG00000030949,,srprb,436845
ENSDARG00000076223,,SERP1,436846
ENSDARG00000057741,,nr1h4,436847
ENSDARG00000052712,,suclg1,436850
ENSDARG00000044194,,tcta,436858
ENSDARG00000031511,,psmb2,436882
ENSDARG00000027734,,srsf5b,436883
ENSDARG00000094191,,nup37,436892
ENSDARG00000101602,,preb,436911
ENSDARG00000102412,,eci2,436918
ENSDARG00000014794,,uqcrc2a,436930
ENSDARG00000042571,,rnaseh1,436932
ENSDARG00000005945,,sart1,436946
ENSDARG00000054849,,bcat2,436949
ENSDARG00000045230,,cox6b1,436968
ENSDARG00000035625,,snrnp27,436976
ENSDARG00000040620,,psmg1,436987
ENSDARG00000054540,,imp4,436992
ENSDARG00000020595,,gnl3l,442932
ENSDARG00000102741,,sumo2b,445027
ENSDARG00000019778,,rps6,445028
ENSDARG00000032296,,pomp,445030
ENSDARG00000101560,,psma1,445033
ENSDARG00000015394,,thoc7,445035
ENSDARG00000029533,,rpl18,445038
ENSDARG00000077717,,RPL29,445040
ENSDARG00000009285,,rpl15,445053
ENSDARG00000044982,,dhrs3a,445083
ENSDARG00000017658,,gmppb,445097
ENSDARG00000034670,,ube2e2,445100
ENSDARG00000004806,,grwd1,445115
ENSDARG00000030765,,hadh,445121
ENSDARG00000038608,,sdhc,445129
ENSDARG00000043177,,lsm1,445157
ENSDARG00000070155,,tuba8l3,445164
ENSDARG00000026183,,polr2eb,445170
ENSDARG00000042975,,auh,445182
ENSDARG00000057011,,dpm1,445202
ENSDARG00000093007,,mphosph6,445224
ENSDARG00000036811,,ifrd2,445227
ENSDARG00000098679,,nup85,445231
ENSDARG00000055635,,crk,445234
ENSDARG00000012485,,aurka,445246
ENSDARG00000045733,,ciapin1,445283
ENSDARG00000015315,,psmc5,445285
ENSDARG00000045888,,acat1,445290
ENSDARG00000036438,,ndufv1,445291
ENSDARG00000056517,,thoc3,445302
ENSDARG00000102452,,eif3ha,445306
ENSDARG00000017617,,alg6,445327
ENSDARG00000035634,,rfc5,445385
ENSDARG00000032264,,mybl2b,445390
ENSDARG00000039020,,fbxo5,445392
ENSDARG00000105037,,snrpf,445404
ENSDARG00000009640,,psmb1,445413
ENSDARG00000001950,,ak1,445486
ENSDARG00000044298,,phax,445490
ENSDARG00000030139,,sdhdb,445500
ENSDARG00000077815,,cdc26,445501
ENSDARG00000011473,,calcrla,445508
ENSDARG00000020820,,srp68,446119
ENSDARG00000100114,,sf3a3,446168
ENSDARG00000031715,,lyn,447804
ENSDARG00000004840,,rassf1,447811
ENSDARG00000044601,,rtn4a,447816
ENSDARG00000034916,,hat1,447833
ENSDARG00000014793,,ehd1b,447839
ENSDARG00000003693,,hars,447847
ENSDARG00000042509,,glod4,447874
ENSDARG00000056583,,ndufs6,447913
ENSDARG00000069920,,cox17,447914
ENSDARG00000099667,,snrpg,447922
ENSDARG00000045355,,tceb1a,447935
ENSDARG00000045553,,hsd17b2,449537
ENSDARG00000014690,,rps4x,449547
ENSDARG00000032430,,ppp2r1b,449548
ENSDARG00000035129,,zgc-101858,449555
ENSDARG00000045999,,saa,449557
ENSDARG00000002210,,stk25a,449653
ENSDARG00000006553,,rras,449660
ENSDARG00000013250,,tars,449661
ENSDARG00000034826,,park7,449674
ENSDARG00000028106,,glrx,449769
ENSDARG00000036190,,txnl4a,449780
ENSDARG00000011553,,atp5f1,449787
ENSDARG00000038030,,rbx1,449846
ENSDARG00000040443,,polr2i,449992
ENSDARG00000026655,,tspo,450011
ENSDARG00000070431,,fip1l1b,450021
ENSDARG00000043081,,ctsz,450022
ENSDARG00000044803,,dhrs3b,450050
ENSDARG00000006392,,exosc9,450057
ENSDARG00000017781,,hsd17b10,450078
ENSDARG00000021112,,c1d,474329
ENSDARG00000013266,,colec11,492459
ENSDARG00000069065,,btg3,492479
ENSDARG00000042953,,cyp2n13,492484
ENSDARG00000008049,,si-dkey-42i9.4,492503
ENSDARG00000052344,,tbl3,492761
ENSDARG00000004325,,casp9,492763
ENSDARG00000023584,,cdc7,492768
ENSDARG00000087640,,nsfl1c,492805
ENSDARG00000028546,,ndufs1,493605
ENSDARG00000016864,,farsb,493608
ENSDARG00000043631,,bcas2,493614
ENSDARG00000014357,,amh,493624
ENSDARG00000021855,,arnt,493634
ENSDARG00000051889,,dhodh,494065
ENSDARG00000016783,,srsf6b,494133
ENSDARG00000018485,,cyp2v1,494153
ENSDARG00000023058,,foxo3a,494532
ENSDARG00000038577,,cox6c,494577
ENSDARG00000038672,,tcf7,497649
ENSDARG00000055524,,rnf7,503534
ENSDARG00000038363,,drd4a,503564
ENSDARG00000035820,,drd4b,503565
ENSDARG00000025826,,gna12a,503589
ENSDARG00000090716,,cltcb,503600
ENSDARG00000016516,,rbm8a,503767
ENSDARG00000035552,,agtr2,503772
ENSDARG00000059058,,vipr1b,503868
ENSDARG00000046157,,RPS17,541327
ENSDARG00000039346,,ndufa5,541328
ENSDARG00000102115,,ndufc2,541390
ENSDARG00000053452,,pop5,541421
ENSDARG00000036070,,znrd1,541428
ENSDARG00000105206,,hmgcrb,541479
ENSDARG00000076486,,acp1,541489
ENSDARG00000034313,,ppp5c,541536
ENSDARG00000014004,,eif2b4,541548
ENSDARG00000020136,,ptges,544666
ENSDARG00000019371,,flt1,544667
ENSDARG00000098439,,nr1h3,548341
ENSDARG00000028688,,exosc2,550234
ENSDARG00000059046,,psmd5,550235
ENSDARG00000098934,,rrp7a,550241
ENSDARG00000100060,,exosc7,550247
ENSDARG00000023279,,psmd4b,550287
ENSDARG00000038768,,mrpl12,550391
ENSDARG00000015537,,gad2,550403
ENSDARG00000038156,,dusp11,550417
ENSDARG00000005673,,f3b,550423
ENSDARG00000004713,,mad2l1,550434
ENSDARG00000045857,,cebpz,550440
ENSDARG00000040251,,ctsk,550475
ENSDARG00000024324,,arhgap1,550478
ENSDARG00000054696,,psmb4,550499
ENSDARG00000039350,,ssbp1,550504
ENSDARG00000052696,,bdh2,550507
ENSDARG00000046074,,stk11,550537
ENSDARG00000012667,,tfap2b,550545
ENSDARG00000012274,,eif4e1c,550549
ENSDARG00000017034,,sqrdl,550580
ENSDARG00000030224,,ppp2ca,550585
ENSDARG00000040890,,fdps,552997
ENSDARG00000024548,,cryba4,553178
ENSDARG00000051915,,pde5ab,553270
ENSDARG00000015110,,slc18a2,553304
ENSDARG00000001940,,dnajc1,553324
ENSDARG00000057128,,hadhaa,553401
ENSDARG00000013422,,slc8a1a,553489
ENSDARG00000101675,,zgc-123107,553497
ENSDARG00000069926,,hsd3b1,553532
ENSDARG00000039579,,cfd,553553
ENSDARG00000019236,,gsr,553575
ENSDARG00000013016,,pole4,553610
ENSDARG00000015752,,zap70,553615
ENSDARG00000006290,,ndufs5,553660
ENSDARG00000007526,,ndufs2,553672
ENSDARG00000058349,,polr2l,553705
ENSDARG00000011152,,rpp14,553721
ENSDARG00000006434,,polr1e,553733
ENSDARG00000025032,,nr3c1,553740
ENSDARG00000020469,,map3k7,553788
ENSDARG00000024759,,inhbab,553816
ENSDARG00000103295,,cyp3a65,553969
ENSDARG00000099928,,chrm5a,553978
ENSDARG00000056029,,cyp26c1,554036
ENSDARG00000035146,,polr2j,554099
ENSDARG00000088383,,cox5aa,554101
ENSDARG00000053217,,cox7a2a,554103
ENSDARG00000040555,,bckdha,554124
ENSDARG00000021984,,ndufa2,554125
ENSDARG00000039522,,tubb2,554127
ENSDARG00000005458,,csnk1g2a,554152
ENSDARG00000040121,,psma2,554153
ENSDARG00000011146,,uqcrb,554154
ENSDARG00000013598,,tnfb,554167
ENSDARG00000103403,,sar1b,554177
ENSDARG00000017321,,kdr,554230
ENSDARG00000021539,,ephb2b,554232
ENSDARG00000023537,,ahr1b,554265
ENSDARG00000039217,,orc1,554509
ENSDARG00000001910,,rorab,554722
ENSDARG00000020448,,adi1,554736
ENSDARG00000003189,,psmd1,554967
ENSDARG00000018491,,pdia4,554998
ENSDARG00000055415,,zp2l1,555180
ENSDARG00000034893,,rarab,555364
ENSDARG00000029994,,chrm2b,555516
ENSDARG00000075178,,lpcat3,555566
ENSDARG00000026796,,grm1a,555576
ENSDARG00000057737,,rxraa,555578
ENSDARG00000070954,,hmx2,555632
ENSDARG00000013628,,cd164,555639
ENSDARG00000061735,,hnrnpm,555643
ENSDARG00000043332,,prkcz,555737
ENSDARG00000055559,,chrna6,555747
ENSDARG00000045788,,avpr1b,555939
ENSDARG00000021735,,cacna1ba,555941
ENSDARG00000076317,,plod3,556077
ENSDARG00000013582,,csnk2a2b,556379
ENSDARG00000054124,,htr1d,556429
ENSDARG00000027689,,pold1,556456
ENSDARG00000042469,,ndufa12,556538
ENSDARG00000070724,,chrna4b,556619
ENSDARG00000062420,,nfia,556665
ENSDARG00000068641,,taf10,556710
ENSDARG00000060041,,lig1,556995
ENSDARG00000059406,,raf1b,557109
ENSDARG00000099579,,aldh18a1,557186
ENSDARG00000007490,,adrb1,557194
ENSDARG00000070437,,rpl22,557397
ENSDARG00000031046,,nr1h5,557500
ENSDARG00000029689,,tkta,557518
ENSDARG00000059308,,golt1bb,557646
ENSDARG00000018530,,mapkapk2b,557648
ENSDARG00000054323,,pparab,557714
ENSDARG00000052468,,GSK3B_2of2,557882
ENSDARG00000061854,,lman2,557960
ENSDARG00000015422,,ppil1,558042
ENSDARG00000012656,,atf6,558071
ENSDARG00000093170,,mef2b,558073
ENSDARG00000059770,,cpt1aa,558088
ENSDARG00000009123,,sele,558139
ENSDARG00000053646,,adrb3a,558248
ENSDARG00000011201,,rplp2l,558312
ENSDARG00000052654,,thrab,558427
ENSDARG00000060679,,kdm1a,558450
ENSDARG00000037874,,cyp3c2,558473
ENSDARG00000070021,,cyp3c4,558541
ENSDARG00000016667,,gabbr1b,558708
ENSDARG00000035819,,sirt3,558775
ENSDARG00000076546,,trhra,558878
ENSDARG00000016630,,tprb,558883
ENSDARG00000087657,,fasn,559001
ENSDARG00000078500,,dap3,559007
ENSDARG00000010276,,ptgs2b,559020
ENSDARG00000052734,,hmgcra,559054
ENSDARG00000030022,,nup188,559225
ENSDARG00000016825,,vtg6,559229
ENSDARG00000059908,,CCDC86,559409
ENSDARG00000062744,,scn1lab,559447
ENSDARG00000092233,,vtg1,559475
ENSDARG00000062594,,coq7,559504
ENSDARG00000078113,,atp5ia,559659
ENSDARG00000058736,,gabra6b,559693
ENSDARG00000069980,,lman1,559775
ENSDARG00000058165,,HTR2A_2of2,559806
ENSDARG00000092419,,vtg7,559856
ENSDARG00000056015,,hoxb13a,559921
ENSDARG00000055809,,vtg2,559931
ENSDARG00000054203,,npffr1l1,559950
ENSDARG00000002533,,adora2b,560100
ENSDARG00000077732,,alyref,560127
ENSDARG00000061042,,gabbr2,560267
ENSDARG00000007219,,actn1,560400
ENSDARG00000104810,,akt3a,560549
ENSDARG00000071658,,ywhag2,560560
ENSDARG00000070568,,atad5a,560591
ENSDARG00000040988,,tpi1b,560753
ENSDARG00000099313,,naga,560778
ENSDARG00000044093,,rpl13a,560828
ENSDARG00000103699,,ptpn13,560883
ENSDARG00000054181,,valopb,560921
ENSDARG00000028000,,pfkpa,560944
ENSDARG00000094204,,ikbkap,561039
ENSDARG00000051962,,mmp15a,561041
ENSDARG00000016548,,eif5b,561194
ENSDARG00000075819,,arhgef2,561276
ENSDARG00000010712,,npffr1l3,561324
ENSDARG00000027041,,pcdh17,561336
ENSDARG00000069598,,chrm5b,561491
ENSDARG00000040627,,grik1b,561540
ENSDARG00000037555,,atoh8,561606
ENSDARG00000033706,,adora2aa,561701
ENSDARG00000075456,,pik3ca,561737
ENSDARG00000013542,,lpgat1,561832
ENSDARG00000062479,,vcam1,561971
ENSDARG00000061585,,cyp4v7,562008
ENSDARG00000056949,,htr7,562111
ENSDARG00000038956,,fdx1b,562135
ENSDARG00000075768,,sdhb,562149
ENSDARG00000102082,,nr3c2,562171
ENSDARG00000062915,,polr3b,562329
ENSDARG00000016010,,nup107,562350
ENSDARG00000032175,,puf60a,562370
ENSDARG00000071868,,znf711,562505
ENSDARG00000008131,,sox1b,562710
ENSDARG00000062237,,nfs1,562714
ENSDARG00000079295,,cacna1bb,562796
ENSDARG00000058730,,rdh10a,562840
ENSDARG00000063634,,hpse,563020
ENSDARG00000014657,,zgc-171731,563034
ENSDARG00000092919,,zp3c,563179
ENSDARG00000006609,,map2k2a,563181
ENSDARG00000052553,,lig3,563276
ENSDARG00000018257,,ncoa1,563288
ENSDARG00000031777,,pparaa,563298
ENSDARG00000020527,,nup62l,563392
ENSDARG00000101289,,slc29a1a,563580
ENSDARG00000062137,,stag1b,563669
ENSDARG00000026325,,mmp11a,563753
ENSDARG00000029881,,kcnh2a,563802
ENSDARG00000034895,,tgfb1b,563884
ENSDARG00000042428,,gstt1a,563972
ENSDARG00000102900,,tacr1b,564017
ENSDARG00000100349,,prkacaa,564064
ENSDARG00000105151,,cyp2k21,564107
ENSDARG00000070110,,opn5,564181
ENSDARG00000038075,,cyc1,564379
ENSDARG00000077404,,ncoa3,564519
ENSDARG00000031768,,roraa,564951
ENSDARG00000059130,,gata1b,564960
ENSDARG00000057648,,dnttip2,564961
ENSDARG00000024746,,hsp90aa1.2,565155
ENSDARG00000060551,,rps6ka5,565173
ENSDARG00000074661,,gper1,565271
ENSDARG00000052618,,ahrrb,565319
ENSDARG00000079388,,agrn,565373
ENSDARG00000008384,,hdac6,565482
ENSDARG00000062266,,edc4,565659
ENSDARG00000105261,,nfkb1,565756
ENSDARG00000016141,,slc6a2,565776
ENSDARG00000016718,,mmp11b,565793
ENSDARG00000088124,,adrb2a,565838
ENSDARG00000029766,,nr1i2,565875
ENSDARG00000057323,,e2f8,565952
ENSDARG00000091656,,lsm8,566017
ENSDARG00000058488,,adora2ab,566118
ENSDARG00000094433,,caspbl,566185
ENSDARG00000062795,,abcb7,566515
ENSDARG00000102105,,dad1,566527
ENSDARG00000057992,,fstb,566538
ENSDARG00000055045,,casp3b,566604
ENSDARG00000059128,,uqcrh,566723
ENSDARG00000079015,,brca2,566758
ENSDARG00000023272,,tfap2d,566838
ENSDARG00000008388,,mmp14b,566945
ENSDARG00000077785,,atf5b,567253
ENSDARG00000099124,,f3a,567257
ENSDARG00000056620,,grpr,567289
ENSDARG00000103811,,agla,567798
ENSDARG00000011190,,fgfr1b,567905
ENSDARG00000003989,,crhr1,567940
ENSDARG00000008986,,e2f7,567941
ENSDARG00000033498,,rorb,567943
ENSDARG00000061549,,foxo1b,567969
ENSDARG00000038918,,drd1b,568126
ENSDARG00000022832,,bnip4,568155
ENSDARG00000005122,,atp2a2b,568265
ENSDARG00000016095,,htr6,568269
ENSDARG00000055113,,pom121,568298
ENSDARG00000103466,,ccl35.1,568326
ENSDARG00000061100,,nars,568332
ENSDARG00000060130,,dusp3b,568344
ENSDARG00000055843,,cdh10a,568370
ENSDARG00000053624,,csf1rb,568405
ENSDARG00000034189,,oxsr1a,568602
ENSDARG00000004433,,btk,568653
ENSDARG00000022727,,EPHA2_2of2,568718
ENSDARG00000061525,,slka,568838
ENSDARG00000057025,,chrna2b,568849
ENSDARG00000052089,,CCKAR,569038
ENSDARG00000061124,,srpr,569063
ENSDARG00000022650,,cyp2ad3,569245
ENSDARG00000077577,,ntsr1,569344
ENSDARG00000036159,,trhrb,569382
ENSDARG00000078435,,anapc13,569473
ENSDARG00000078915,,mmp17a,570076
ENSDARG00000062631,,npffr1l2,570189
ENSDARG00000037033,,ptger2b,570410
ENSDARG00000063559,,pigx,570443
ENSDARG00000052433,,inha,570520
ENSDARG00000104889,,kpnb1,570700
ENSDARG00000094704,,bcl2a,570772
ENSDARG00000018049,,sf3b2,570994
ENSDARG00000018896,,mmp24,571143
ENSDARG00000075932,,si-ch73-211l2.3,571282
ENSDARG00000077083,,avpr1a,571591
ENSDARG00000022098,,opn4a,571624
ENSDARG00000089212,,htr3a,571641
ENSDARG00000071091,,chrm3a,571679
ENSDARG00000099226,,ppp1cc,571753
ENSDARG00000024317,,trap1,571959
ENSDARG00000004517,,ppat,572027
ENSDARG00000058876,,mmp16b,572034
ENSDARG00000098458,,RPL37A,572109
ENSDARG00000028071,,bmp1a,572452
ENSDARG00000056235,,smndc1,572679
ENSDARG00000057571,,pgam2,572733
ENSDARG00000041314,,ndufb9,573021
ENSDARG00000058328,,lsm7,573047
ENSDARG00000013938,,psmb3,573095
ENSDARG00000035924,,dync1li2,573266
ENSDARG00000068992,,hspa8,573376
ENSDARG00000058463,,ndufab1a,573619
ENSDARG00000052840,,ndufs4,573689
ENSDARG00000025319,,fynb,574422
ENSDARG00000070867,,smx5,57924
ENSDARG00000008165,,caspa,57933
ENSDARG00000037746,,actb1,57934
ENSDARG00000005150,,tbx20,57936
ENSDARG00000058325,,casp8,58022
ENSDARG00000051923,,ccnb1,58025
ENSDARG00000002768,,pvalb2,58028
ENSDARG00000104307,,hoxa1a,58051
ENSDARG00000054030,,hoxb5b,58052
ENSDARG00000020610,,tnnt2a,58071
ENSDARG00000103589,,gata6,58076
ENSDARG00000100149,,axin2,58080
ENSDARG00000020623,,baxa,58081
ENSDARG00000070835,,tnnc2,58082
ENSDARG00000036096,,smad3a,58092
ENSDARG00000006791,,arntl1a,58098
ENSDARG00000041381,,arntl2,58099
ENSDARG00000051783,,rplp0,58101
ENSDARG00000015551,,fth1a,58108
ENSDARG00000021150,,valopa,58109
ENSDARG00000038954,,ctnnbip1,58117
ENSDARG00000018817,,bdnf,58118
ENSDARG00000009779,,mcl1a,58122
ENSDARG00000008818,,hsf1,58123
ENSDARG00000004782,,fgfr3,58129
ENSDARG00000036057,,tradd,58130
ENSDARG00000021239,,apaf1,58131
ENSDARG00000008305,,hand2,58150
ENSDARG00000058822,,wnt3a,60632
ENSDARG00000037383,,pax5,60636
ENSDARG00000045936,,pax6b,60639
ENSDARG00000043923,,sox9b,60642
ENSDARG00000017219,,pabpc1a,606498
ENSDARG00000068910,,nos1,60658
ENSDARG00000059298,,spcs1,606666
ENSDARG00000016484,,dkc1,613144
ENSDARG00000035602,,dao.1,619259
ENSDARG00000006137,,star,63999
ENSDARG00000041435,,uba52,641289
ENSDARG00000018325,,taf5,641491
ENSDARG00000092126,,vtg5,64260
ENSDARG00000042837,,atp1b3b,64272
ENSDARG00000076833,,atp1b1b,64273
ENSDARG00000102986,,csf1ra,64274
ENSDARG00000037962,,psmb7,64278
ENSDARG00000000018,,nrf1,64604
ENSDARG00000021059,,alas1,64608
ENSDARG00000002791,,atp1a1a.1,64612
ENSDARG00000039828,,zp3b,64692
ENSDARG00000040266,,sox19b,64812
ENSDARG00000039434,,oprm1,65088
ENSDARG00000057698,,ctsd,65225
ENSDARG00000037188,,rpa2,65226
ENSDARG00000000857,,mapk14a,65237
ENSDARG00000061165,,slc6a4a,664719
ENSDARG00000020850,,eef1a1l1,664756
ENSDARG00000057017,,slc6a4b,664770
ENSDARG00000053365,,rpl31,677758
ENSDARG00000045887,,mmp30,678531
ENSDARG00000078429,,vtg4,678536
ENSDARG00000002401,,gale,678540
ENSDARG00000006602,,chrna2a,678575
ENSDARG00000043492,,irf1a,678604
ENSDARG00000076169,,pold3,692256
ENSDARG00000098825,,farsa,692329
ENSDARG00000010244,,rpl22l1,735250
ENSDARG00000052425,,hrh1,735302
ENSDARG00000071336,,mif,751093
ENSDARG00000105231,,setd8a,751629
ENSDARG00000094673,,rhoab,751630
ENSDARG00000040557,,exosc5,751632
ENSDARG00000061235,,alg5,751635
ENSDARG00000068006,,gck,751668
ENSDARG00000056099,,gtf2h5,751713
ENSDARG00000069282,,bbc3,751763
ENSDARG00000076933,,aldh1a3,751785
ENSDARG00000017813,,pigs,767675
ENSDARG00000027828,,grin1a,767745
ENSDARG00000068940,,atp5ib,767750
ENSDARG00000063385,,cenpe,767754
ENSDARG00000045487,,rps16,767765
ENSDARG00000041723,,TUBB8P7_2of3,767806
ENSDARG00000099555,,foxo1a,768121
ENSDARG00000099021,,setdb1b,768131
ENSDARG00000102531,,anapc11,768140
ENSDARG00000068989,,gabra1,768183
ENSDARG00000044975,,krt94,768289
ENSDARG00000059746,,plod1a,777635
ENSDARG00000006782,,rb1,777733
ENSDARG00000062864,,gk5,777765
ENSDARG00000102632,,ubc,777766
ENSDARG00000028367,,sult2st3,777792
ENSDARG00000070463,,e2f3,791146
ENSDARG00000060002,,ogg1,791194
ENSDARG00000037378,,qdprb1,791448
ENSDARG00000027529,,hmox1a,791518
ENSDARG00000031222,,lhx2b,791744
ENSDARG00000094466,,si-ch73-199e17.1,792024
ENSDARG00000002249,,tbxas1,792041
ENSDARG00000043249,,irf1b,792160
ENSDARG00000006615,,hnf1ba,792391
ENSDARG00000052919,,adrb3b,792519
ENSDARG00000077236,,hspb6,792610
ENSDARG00000071640,,DRD1_2of2,792634
ENSDARG00000029695,,pgp,792824
ENSDARG00000076500,,chgb,792853
ENSDARG00000035127,,rxrab,793011
ENSDARG00000040158,,cdc42l,793158
ENSDARG00000023318,,fmn2a,793321
ENSDARG00000037411,,npy1r,793668
ENSDARG00000077012,,eif4ea,79380
ENSDARG00000104068,,gstp1,79381
ENSDARG00000060594,,hadhab,793834
ENSDARG00000038666,,igfbp1b,793907
ENSDARG00000077777,,tmsb4x,793949
ENSDARG00000071018,,ptena,794088
ENSDARG00000052470,,igfbp2a,794176
ENSDARG00000018616,,agtr1a,794575
ENSDARG00000009121,,CHRM1_1of2,794658
ENSDARG00000039264,,igfbp5a,795084
ENSDARG00000089943,,npy2rl,795311
ENSDARG00000061274,,lss,795400
ENSDARG00000008141,,rbl1,795522
ENSDARG00000036700,,si-ch211-114n24.6,795591
ENSDARG00000104317,,si-dkey-33b17.1,795595
ENSDARG00000023920,,llgl2,795670
ENSDARG00000056230,,ghsra,795753
ENSDARG00000075045,,cxcl18b,795785
ENSDARG00000059654,,eif3ba,796380
ENSDARG00000041887,,sf3a1,796388
ENSDARG00000095046,,pold2,796456
ENSDARG00000042138,,selp,796481
ENSDARG00000053966,,cyp17a2,796487
ENSDARG00000029724,,pqbp1,796523
ENSDARG00000070844,,gamt,796865
ENSDARG00000070824,,ndufb5,797063
ENSDARG00000068064,,sirt1,797132
ENSDARG00000006181,,hif1aa,797150
ENSDARG00000094057,,cyp2j20,797309
ENSDARG00000058358,,krt8,797433
ENSDARG00000057098,,htr1ab,797538
ENSDARG00000103428,,ogdhb,797715
ENSDARG00000069139,,grik1a,798001
ENSDARG00000054807,,sec13,798071
ENSDARG00000036630,,plp2,798079
ENSDARG00000036292,,cdx4,798281
ENSDARG00000095897,,atp5e,798291
ENSDARG00000090152,,anapc10,798352
ENSDARG00000057678,,sfrp1b,798564
ENSDARG00000059775,,slc32a1,798575
ENSDARG00000008494,,myl6,798632
ENSDARG00000021352,,gria1a,798689
ENSDARG00000053979,,bc2,798901
ENSDARG00000056331,,ahcyl1,798918
ENSDARG00000031422,,igfbp2b,798920
ENSDARG00000063100,,psmd14,799058
ENSDARG00000070730,,gabra5,799124
ENSDARG00000033647,,smarcb1a,799716
ENSDARG00000052030,,akr1a1b,799805
ENSDARG00000005754,,ptprfb,799867
ENSDARG00000042112,,dio1,799937
ENSDARG00000042956,,cyp2ad6,799957
ENSDARG00000068415,,ptgesl,799964
ENSDARG00000002347,,cyp11a1,80374
ENSDARG00000056600,,papss2b,80939
ENSDARG00000087554,,cdk1,80973
ENSDARG00000042894,,tyms,81540
ENSDARG00000009447,,atp5g3b,81541
ENSDARG00000004251,,dhfr,81882
ENSDARG00000017929,,ncoa2,81884
ENSDARG00000012353,,vipr2,81886
ENSDARG00000052782,,glrba,83412
ENSDARG00000006865,,glra4a,83413
ENSDARG00000005230,,ssr2,83414
ENSDARG00000055381,,bambia,83496
ENSDARG00000019498,,cry5,83776
ENSDARG00000010312,,cp,84702
