gene.id,mod.name,b,c,d,e,f,SDres,AIC.model,lof.p,ctrl.mod,ctrl.mean,adv.incr,bmd,bmdl,bmdu,bmr,conv.pass,hd.pass,CI.pass,ld.pass,all.pass
ahcyl1,Exp4,1625.773846,0.676333842,NA,1.048437465,NA,0.119358284,-9.7,0.765599274,1.048437465,1,FALSE,0.000419585,0.000173457,0.000747271,0.880641716,TRUE,TRUE,TRUE,TRUE,TRUE
gars,Exp4,1553.88619,0.622675103,NA,1.035075944,NA,0.165249243,-3.19,0.265835695,1.035075944,1,FALSE,0.000462918,0.000146111,0.00090038,0.834750757,TRUE,TRUE,TRUE,TRUE,TRUE
atp2a2b,Exp4,553.4977353,0.724467208,NA,1,NA,0.13592236,-7.1,0.92971488,1,1,FALSE,0.001220664,0.000278822,0.002705602,0.86407764,TRUE,TRUE,TRUE,TRUE,TRUE
hspd1,Exp4,408.8082649,0.766953955,NA,1.020819264,NA,0.087295683,-15.96,0.426495034,1.020819264,1,FALSE,0.001482304,0.00055983,0.002754,0.912704317,TRUE,TRUE,TRUE,TRUE,TRUE
calcrla,Exp4,116.2704499,1.555167602,NA,1.046823797,NA,0.268127472,6.49,0.692206856,1.046823797,1,TRUE,0.004122444,0.001287109,0.010142932,1.268127472,TRUE,TRUE,TRUE,TRUE,TRUE
polr3h,Exp4,196.1603249,0.578676748,NA,1.057461787,NA,0.201859514,0.81,0.863215066,1.057461787,1,FALSE,0.004447313,0.001604197,0.008563922,0.798140486,TRUE,TRUE,TRUE,TRUE,TRUE
eif4e1c,Exp4,92.00357719,0.711545837,NA,1.051271812,NA,0.155855414,-4.36,0.266142651,1.051271812,1,FALSE,0.012488382,0.004703402,0.033011966,0.844144586,TRUE,TRUE,TRUE,TRUE,TRUE
cenpe,Exp4,7.248167302,0.622992343,NA,1,NA,0.097545789,-13.74,0.964612292,1,1,FALSE,0.039284239,0.00949172,0.07171197,0.902454211,TRUE,TRUE,TRUE,TRUE,TRUE
pgam1b,Exp4,5.875248905,1.505012153,NA,1.062711986,NA,0.280555434,7.39,0.337375921,1.062711986,1,TRUE,0.088629482,0.02142848,0.266714803,1.280555434,TRUE,TRUE,TRUE,TRUE,TRUE
rpl35a,Poly2,1.028809346,0.071520896,-0.000739816,NA,NA,0.115831485,-10.3,0.747334986,1.028809346,1,TRUE,1.232449163,0.195396742,2.292887829,1.115831485,TRUE,TRUE,TRUE,TRUE,TRUE
prpf6,Poly2,1.004571536,0.055494569,-0.000558902,NA,NA,0.072926638,-19.55,0.854713973,1.004571536,1,TRUE,1.247415392,0.404341724,2.105463502,1.072926638,TRUE,TRUE,TRUE,TRUE,TRUE
ednrab,Poly2,0.940723527,0.16388274,-0.001626361,NA,NA,0.213655783,1.94,0.356162159,0.940723527,1,TRUE,1.693886076,0.850102603,2.552578277,1.213655783,TRUE,TRUE,TRUE,TRUE,TRUE
reep5,Poly2,1.023435456,0.063520183,-0.000650366,NA,NA,0.129885588,-8.01,0.994459721,1.023435456,1,TRUE,1.705633765,0.387376478,3.061898034,1.129885588,TRUE,TRUE,TRUE,TRUE,TRUE
otx2,Poly2,0.976105987,0.070645703,-0.000703176,NA,NA,0.120685611,-9.48,0.516522326,0.976105987,1,TRUE,2.090024314,0.97833644,3.228041496,1.120685611,TRUE,TRUE,TRUE,TRUE,TRUE
lin7a,Poly2,0.988921089,0.123973386,-0.001204536,NA,NA,0.253885909,5.39,0.630341921,0.988921089,1,TRUE,2.18359911,0.852363789,3.551873142,1.253885909,TRUE,TRUE,TRUE,TRUE,TRUE
rps6ka5,Poly2,1.078344497,0.09597648,-0.000929331,NA,NA,0.297559166,8.57,0.861248234,1.078344497,1,TRUE,2.336926237,0.3291926,4.430098358,1.297559166,TRUE,TRUE,TRUE,TRUE,TRUE
ndufa5,Poly2,1.072421755,0.080131953,-0.000843322,NA,NA,0.267501948,6.44,0.791294715,1.072421755,1,TRUE,2.500277604,0.329636303,4.781208619,1.267501948,TRUE,TRUE,TRUE,TRUE,TRUE
igfbp5b,Poly2,1.068836032,0.076428849,-0.000761298,NA,NA,0.284473399,7.67,0.608650502,1.068836032,1,TRUE,2.905502354,0.475552303,5.46745967,1.284473399,TRUE,TRUE,TRUE,TRUE,TRUE
mapk3,Poly2,0.976172988,-0.043027356,0.000444901,NA,NA,0.146508493,-5.6,0.951500625,0.976172988,1,FALSE,2.940658192,0.708335438,5.288703346,0.853491507,TRUE,TRUE,TRUE,TRUE,TRUE
prmt5,Poly2,0.956327676,0.086055081,-0.000879897,NA,NA,0.208903698,1.49,0.135228514,0.956327676,1,TRUE,3.028852617,1.424323896,4.691673235,1.208903698,TRUE,TRUE,TRUE,TRUE,TRUE
dync1li2,Poly2,0.954138317,-0.036932097,0.000400676,NA,NA,0.155745067,-4.38,0.185221765,0.954138317,1,FALSE,3.078070479,0.316007335,6.030402082,0.844254933,TRUE,TRUE,TRUE,TRUE,TRUE
GSK3B_2of2,Exp4,0.123720074,1.510597893,NA,1,NA,0.178708291,-1.63,0.737794536,1,1,TRUE,3.648161032,1.293857691,7.985859333,1.178708291,TRUE,TRUE,TRUE,TRUE,TRUE
hoxb2a,Poly2,0.971135219,-0.068563369,0.000739015,NA,NA,0.271090543,6.71,0.803268871,0.971135219,1,FALSE,3.678742191,1.050434572,6.480003619,0.728909457,TRUE,TRUE,TRUE,TRUE,TRUE
cpsf6,Poly2,1.077080851,0.058193622,-0.000600218,NA,NA,0.287671879,7.89,0.896234326,1.077080851,1,TRUE,3.765005028,0.502891275,7.28499271,1.287671879,TRUE,TRUE,TRUE,TRUE,TRUE
hoxb5b,Poly2,0.985652855,0.059162632,-0.000583603,NA,NA,0.206736896,1.29,0.537548845,0.985652855,1,TRUE,3.885835891,1.556303101,6.337744966,1.206736896,TRUE,TRUE,TRUE,TRUE,TRUE
fgf8a,Poly2,0.987555669,0.079043932,-0.000785709,NA,NA,0.286734025,7.83,0.799898329,0.987555669,1,TRUE,3.939207873,1.51944345,6.492620488,1.286734025,TRUE,TRUE,TRUE,TRUE,TRUE
uchl1,Poly2,0.85235165,0.091160378,-0.000923937,NA,NA,0.204750206,1.09,0.586417025,0.85235165,1,TRUE,4.030332153,2.512731398,5.600652185,1.204750206,TRUE,TRUE,TRUE,TRUE,TRUE
srsf2b,Poly2,0.932160522,0.066144727,-0.000667453,NA,NA,0.18844549,-0.57,0.680499909,0.932160522,1,TRUE,4.039245757,2.122751131,6.040207875,1.18844549,TRUE,TRUE,TRUE,TRUE,TRUE
hoxb13a,Poly2,1.028140694,-0.043785588,0.00045363,NA,NA,0.14500654,-5.81,0.432258744,1.028140694,1,FALSE,4.131255951,1.902687818,6.478697339,0.85499346,TRUE,TRUE,TRUE,TRUE,TRUE
rae1,Poly2,0.977772652,-0.039052388,0.000383924,NA,NA,0.187525483,-0.66,0.596104993,0.977772652,1,FALSE,4.425246373,1.218026632,7.871409919,0.812474517,TRUE,TRUE,TRUE,TRUE,TRUE
thoc3,Poly2,0.897755526,0.091224407,-0.00092117,NA,NA,0.286881205,7.84,0.474414007,0.897755526,1,TRUE,4.4670887,2.336797249,6.703411636,1.286881205,TRUE,TRUE,TRUE,TRUE,TRUE
gspt1l,Poly2,0.983900235,-0.037130785,0.000389253,NA,NA,0.17578287,-1.96,0.725035884,0.983900235,1,FALSE,4.514185542,1.33260565,7.949926494,0.82421713,TRUE,TRUE,TRUE,TRUE,TRUE
mdh2,Poly2,1.039048048,-0.048156784,0.00049468,NA,NA,0.200007168,0.62,0.808654807,1.039048048,1,FALSE,5.246897707,2.403324861,8.290455654,0.799992832,TRUE,TRUE,TRUE,TRUE,TRUE
phf5a,Poly2,0.979272247,-0.038555373,0.000386291,NA,NA,0.22347855,2.84,0.881009127,0.979272247,1,FALSE,5.569474934,1.6286472,9.896923857,0.77652145,TRUE,TRUE,TRUE,TRUE,TRUE
anapc10,Poly2,1.068224553,-0.050163177,0.000528359,NA,NA,0.197632636,0.39,0.774882117,1.068224553,1,FALSE,5.634203382,2.903171704,8.556676627,0.802367364,TRUE,TRUE,TRUE,TRUE,TRUE
nfia,Poly2,0.806993151,0.084656413,-0.000854502,NA,NA,0.307554406,9.23,0.810803263,0.806993151,1,TRUE,6.315445157,3.763964153,9.027539362,1.307554406,TRUE,TRUE,TRUE,TRUE,TRUE
raf1b,Poly2,0.903278644,0.046610043,-0.000461653,NA,NA,0.196385975,0.26,0.848981306,0.903278644,1,TRUE,6.738203178,3.771330771,9.921786237,1.196385975,TRUE,TRUE,TRUE,TRUE,TRUE
nras,Poly2,1.131942902,-0.058982943,0.000589214,NA,NA,0.259441973,5.83,0.79570954,1.131942902,1,FALSE,7.145627323,4.022301249,10.51520536,0.740558027,TRUE,TRUE,TRUE,TRUE,TRUE
mre11a,Poly2,1.168642793,-0.066101133,0.000654572,NA,NA,0.278944691,7.28,0.238867829,1.168642793,1,FALSE,7.298785659,4.291426479,10.53211221,0.721055309,TRUE,TRUE,TRUE,TRUE,TRUE
rras,Poly2,1.080015353,-0.040035529,0.000388405,NA,NA,0.199278094,0.55,0.162885822,1.080015353,1,FALSE,7.525578875,3.990530583,11.37085162,0.800721906,TRUE,TRUE,TRUE,TRUE,TRUE
hoxb3a,Poly2,0.932809181,0.050065355,-0.000528561,NA,NA,0.303024546,8.93,0.511040165,0.932809181,1,TRUE,8.084699811,3.72264299,12.9964743,1.303024546,TRUE,TRUE,TRUE,TRUE,TRUE
plod1a,Poly2,0.856227364,0.060503108,-0.000630594,NA,NA,0.306681853,9.17,0.647923532,0.856227364,1,TRUE,8.134866016,4.454218753,12.19241272,1.306681853,TRUE,TRUE,TRUE,TRUE,TRUE
ctsk,Poly2,0.940278249,0.035385827,-0.000330147,NA,NA,0.2117797,1.77,0.680768964,0.940278249,1,TRUE,8.318159029,4.05006289,13.03324113,1.2117797,TRUE,TRUE,TRUE,TRUE,TRUE
ccnd1,Poly2,0.942608463,0.030340959,-0.000320711,NA,NA,0.17451233,-2.1,0.521459559,0.942608463,1,TRUE,8.386744746,4.201345877,13.08059112,1.17451233,TRUE,TRUE,TRUE,TRUE,TRUE
gli1,Poly2,0.959837457,0.043646907,-0.000451689,NA,NA,0.301568765,8.84,0.304053912,0.959837457,1,TRUE,8.593724996,3.60516158,14.30698924,1.301568765,TRUE,TRUE,TRUE,TRUE,TRUE
si-dkey-42i9.4,Lin,-0.002139725,NA,0.732725712,NA,NA,0.288217025,7.27,0.383717592,0.732725712,1,FALSE,9.78758251,51.86036924,19.85257787,0.711782975,TRUE,TRUE,TRUE,TRUE,TRUE
cyp3c1,Poly2,0.810801508,0.046343792,-0.000431284,NA,NA,0.277668574,7.19,0.234629799,0.810801508,1,TRUE,11.25228735,6.71369455,16.33816544,1.277668574,TRUE,TRUE,TRUE,TRUE,TRUE
cyp2v1,Poly2,1.27825822,-0.060803914,0.000580396,NA,NA,0.378951024,13.41,0.341908288,1.27825822,1,FALSE,12.23834631,7.399584812,17.74722763,0.621048976,TRUE,TRUE,TRUE,TRUE,TRUE
pes,Lin,0.005433806,NA,1.077070423,NA,NA,0.147928565,-6.07,0.561364787,1.077070423,1,TRUE,13.04024186,8.392104153,30.91269382,1.147928565,TRUE,TRUE,TRUE,TRUE,TRUE
exosc10,Lin,0.005814955,NA,1.078158206,NA,NA,0.185106321,-1.59,0.907167966,1.078158206,1,TRUE,18.39190789,11.15964025,56.61553255,1.185106321,TRUE,TRUE,TRUE,TRUE,TRUE
tuba8l3,Lin,-0.004652036,NA,0.952518476,NA,NA,0.143356289,-6.7,0.747614901,0.952518476,1,FALSE,20.6092043,12.93096357,59.56436505,0.856643711,TRUE,TRUE,TRUE,TRUE,TRUE
bcl7ba,Lin,-0.006431173,NA,1.018451891,NA,NA,0.14044344,-7.11,0.568188956,1.018451891,1,FALSE,24.70705128,16.89674836,46.05195991,0.85955656,TRUE,TRUE,TRUE,TRUE,TRUE
smad3b,Lin,-0.000841355,NA,0.877946723,NA,NA,0.143022819,-6.75,0.188664382,0.877946723,1,FALSE,24.92354713,75.62118618,78.09843962,0.856977181,TRUE,TRUE,TRUE,TRUE,TRUE
sf3b6,Exp2,0.004517766,NA,NA,1.040637311,NA,0.164999893,-3.89,0.644525205,1.040637311,1,TRUE,24.98749945,4.012301855,48.16316258,1.164999893,TRUE,TRUE,TRUE,TRUE,TRUE
gria4b,Lin,0.008256022,NA,1.045236396,NA,NA,0.266827455,5.72,0.579499185,1.045236396,1,TRUE,26.83992912,16.21866196,85.2918982,1.266827455,TRUE,TRUE,TRUE,TRUE,TRUE
arhgap1,Lin,-0.001529703,NA,0.786676961,NA,NA,0.256020185,4.9,0.539682261,0.786676961,1,FALSE,27.9120444,23.10914182,161.0338857,0.743979815,TRUE,TRUE,TRUE,TRUE,TRUE
cpt1aa,Exp2,0.006063513,NA,NA,1.032679949,NA,0.230165964,2.77,0.486461066,1.032679949,1,TRUE,28.85979885,8.059966167,52.66914092,1.230165964,TRUE,TRUE,TRUE,TRUE,TRUE
gcat,Exp2,-0.004215104,NA,NA,0.984937278,NA,0.130513423,-8.58,0.497607765,0.984937278,1,FALSE,29.57816982,6.558033319,50.55918897,0.869486577,TRUE,TRUE,TRUE,TRUE,TRUE
ogg1,Lin,0.008416361,NA,0.955893667,NA,NA,0.23259297,2.98,0.58561172,0.955893667,1,TRUE,32.87635673,21.07828266,79.57692115,1.23259297,TRUE,TRUE,TRUE,TRUE,TRUE
uck2b,Exp2,0.004968174,NA,NA,1.001865154,NA,0.183668432,-1.75,0.900206605,1.001865154,1,TRUE,33.56465688,11.88244488,57.86930913,1.183668432,TRUE,TRUE,TRUE,TRUE,TRUE
gng12a,Exp2,0.004844003,NA,NA,0.96127801,NA,0.163701378,-4.05,0.303839601,0.96127801,1,TRUE,39.45030177,18.65823355,62.57492475,1.163701378,TRUE,TRUE,TRUE,TRUE,TRUE
sirt2,Lin,-0.004434786,NA,1.01809621,NA,NA,0.1573054,-4.84,0.214384479,1.01809621,1,FALSE,39.55131403,23.40235424,158.872487,0.8426946,TRUE,TRUE,TRUE,TRUE,TRUE
ptgs2a,Exp2,0.003724708,NA,NA,1.049461138,NA,0.235891506,3.26,0.360486159,1.049461138,1,TRUE,43.90028438,7.951550961,85.42604512,1.235891506,TRUE,TRUE,TRUE,TRUE,TRUE
prkaa1,Exp2,-0.004537097,NA,NA,0.958793133,NA,0.217194048,1.61,0.529870567,0.958793133,1,FALSE,44.69609295,6.692242515,77.09480568,0.782805952,TRUE,TRUE,TRUE,TRUE,TRUE
gabbr1b,Exp2,-0.006164879,NA,NA,0.998643903,NA,0.25250222,4.62,0.130836861,0.998643903,1,FALSE,46.98663294,15.15482288,73.57952851,0.74749778,TRUE,TRUE,TRUE,TRUE,TRUE
psmd12,Exp2,-0.003396186,NA,NA,0.952245682,NA,0.190063205,-1.06,0.261829743,0.952245682,1,FALSE,47.66136534,3.729724467,85.87562544,0.809936795,TRUE,TRUE,TRUE,TRUE,TRUE
cnot4b,Lin,0.007289335,NA,0.886651421,NA,NA,0.239421641,3.56,0.135230651,0.886651421,1,TRUE,48.3953924,29.12086062,159.3595079,1.239421641,TRUE,TRUE,TRUE,TRUE,TRUE
prp19,Exp2,0.003028769,NA,NA,1.049844115,NA,0.220102713,1.87,0.591441466,1.049844115,1,TRUE,49.62192328,7.693826713,97.66805267,1.220102713,TRUE,TRUE,TRUE,TRUE,TRUE
alyref,Exp2,-0.003366093,NA,NA,0.96825757,NA,0.188787043,-1.2,0.180392928,0.96825757,1,FALSE,52.57356857,9.362534156,90.28471037,0.811212957,TRUE,TRUE,TRUE,TRUE,TRUE
fdxr,Lin,-0.00480563,NA,1.070640491,NA,NA,0.182473499,-1.88,0.161216871,1.070640491,1,FALSE,52.67030733,30.92385949,267.9950751,0.817526501,TRUE,TRUE,TRUE,TRUE,TRUE
pafah1b3,Exp2,-0.004813713,NA,NA,1.072134234,NA,0.173429694,-2.89,0.147672309,1.072134234,1,FALSE,54.03761129,29.06732181,76.32462305,0.826570306,TRUE,TRUE,TRUE,TRUE,TRUE
mmp24,Exp2,0.005901807,NA,NA,0.886062623,NA,0.223005164,2.14,0.7018142,0.886062623,1,TRUE,54.60678524,30.56245254,82.63994029,1.223005164,TRUE,TRUE,TRUE,TRUE,TRUE
alg9,Exp2,0.003106576,NA,NA,0.950464434,NA,0.146687104,-6.24,0.267197745,0.950464434,1,TRUE,60.41427386,29.86724168,94.16945002,1.146687104,TRUE,TRUE,TRUE,TRUE,TRUE
eif2b1,Exp2,0.005222153,NA,NA,0.917510292,NA,0.258140468,5.06,0.890007957,0.917510292,1,TRUE,60.45903057,29.82470487,96.95012132,1.258140468,TRUE,TRUE,TRUE,TRUE,TRUE
dhrs3a,Exp2,0.006373644,NA,NA,0.844532722,NA,0.249144361,4.35,0.444441405,0.844532722,1,TRUE,61.41394522,35.93000787,91.85949901,1.249144361,TRUE,TRUE,TRUE,TRUE,TRUE
krt94,Poly2,1.036913245,-0.015510489,0.000231109,NA,NA,0.05660713,-24.62,0.102704847,1.036913245,1,TRUE,68.35994892,66.0641297,70.5132543,1.05660713,TRUE,TRUE,TRUE,TRUE,TRUE
rpl38,Exp2,-0.00333129,NA,NA,1.022471171,NA,0.194135304,-0.64,0.297865123,1.022471171,1,FALSE,71.46236169,29.03896972,108.6227783,0.805864696,TRUE,TRUE,TRUE,TRUE,TRUE
hmgcl,Exp2,0.003257233,NA,NA,0.980919207,NA,0.240654636,3.66,0.49139149,0.980919207,1,TRUE,72.11776426,27.131144,124.853945,1.240654636,TRUE,TRUE,TRUE,TRUE,TRUE
htatsf1,Exp2,-0.003677043,NA,NA,0.989935313,NA,0.241863628,3.76,0.138710278,0.989935313,1,FALSE,72.55186758,21.88474052,115.2370908,0.758136372,TRUE,TRUE,TRUE,TRUE,TRUE
got2a,Exp2,-0.007070346,NA,NA,1.177977293,NA,0.295385869,7.76,0.248005548,1.177977293,1,FALSE,72.68439109,45.07233552,95.77363924,0.704614131,TRUE,TRUE,TRUE,TRUE,TRUE
rbm22,Exp2,-0.005145818,NA,NA,0.964821033,NA,0.346505092,10.95,0.361808116,0.964821033,1,FALSE,75.71350026,19.31044051,119.3630518,0.653494908,TRUE,TRUE,TRUE,TRUE,TRUE
gabra1,Exp2,-0.005917765,NA,NA,0.967200391,NA,0.38666899,13.14,0.354125479,0.967200391,1,FALSE,76.97178849,21.12060753,118.8680498,0.61333101,TRUE,TRUE,TRUE,TRUE,TRUE
dusp11,Exp2,-0.005069338,NA,NA,0.953429067,NA,0.358099501,11.61,0.921564227,0.953429067,1,FALSE,78.04405815,17.74996093,124.1461794,0.641900499,TRUE,TRUE,TRUE,TRUE,TRUE
cyb5a,Poly2,1.070027466,-0.016465594,0.000211393,NA,NA,0.08899698,-15.57,0.529431698,1.070027466,1,TRUE,79.02656514,75.56351499,82.2130847,1.08899698,TRUE,TRUE,TRUE,TRUE,TRUE
cpsf5,Poly2,1.005271247,-0.01794395,0.00023664,NA,NA,0.121715995,-9.31,0.72663099,1.005271247,1,TRUE,81.84060846,77.97696933,85.39059887,1.121715995,TRUE,TRUE,TRUE,TRUE,TRUE
rarab,Exp2,-0.00440409,NA,NA,1.068844425,NA,0.260760184,5.26,0.229451088,1.068844425,1,FALSE,83.72012956,41.28776678,119.4535405,0.739239816,TRUE,TRUE,TRUE,TRUE,TRUE
cfl1l,Poly2,1.002042282,0.017761987,-0.000213498,NA,NA,0.079291768,-17.88,0.874240877,1.002042282,1,FALSE,87.5466666,84.92197082,90.02914494,0.920708232,TRUE,TRUE,TRUE,TRUE,TRUE
atp5f1,Poly2,0.905685048,0.020462804,-0.000237309,NA,NA,0.126061362,-8.61,0.405360139,0.905685048,1,FALSE,87.75305669,83.82640054,91.36092007,0.873938638,TRUE,TRUE,TRUE,TRUE,TRUE
psmb3,Poly2,0.936440858,0.019688921,-0.000227573,NA,NA,0.092563229,-14.79,0.507325098,0.936440858,1,FALSE,87.96597543,84.99746168,90.7490799,0.907436771,TRUE,TRUE,TRUE,TRUE,TRUE
ikbkap,Exp2,-0.004750237,NA,NA,1.057861245,NA,0.305248869,8.41,0.175374782,1.057861245,1,FALSE,88.51153378,41.01120573,127.2350969,0.694751131,TRUE,TRUE,TRUE,TRUE,TRUE
mapk12a,Poly2,0.873607423,0.038525386,-0.000440761,NA,NA,0.193564486,-0.03,0.256571923,0.873607423,1,FALSE,89.11671399,85.95620659,92.07091092,0.806435514,TRUE,TRUE,TRUE,TRUE,TRUE
pik3ca,Poly2,0.924871121,0.025431018,-0.00029403,NA,NA,0.145578511,-5.73,0.639878783,0.924871121,1,FALSE,89.17804266,85.64155964,92.4607992,0.854421489,TRUE,TRUE,TRUE,TRUE,TRUE
iqgap1,Poly2,0.993306668,0.023518451,-0.000275122,NA,NA,0.110881849,-11.17,0.493963487,0.993306668,1,FALSE,89.70543408,86.91541013,92.33855723,0.889118151,TRUE,TRUE,TRUE,TRUE,TRUE
rpl30,Poly2,1.082223479,-0.038700527,0.000441848,NA,NA,0.232206166,3.61,0.131460024,1.082223479,1,TRUE,91.30549808,87.67770758,94.67502041,1.232206166,TRUE,TRUE,TRUE,TRUE,TRUE
hpse,Exp2,-0.003212906,NA,NA,0.926412096,NA,0.309593094,8.7,0.887640634,0.926412096,1,FALSE,91.5177675,9.436472909,156.3902074,0.690406906,TRUE,TRUE,TRUE,TRUE,TRUE
foxo3b,Poly2,1.122494233,-0.032005311,0.000357906,NA,NA,0.195738426,0.19,0.24461194,1.122494233,1,TRUE,91.65648401,87.82515321,95.19761844,1.195738426,TRUE,TRUE,TRUE,TRUE,TRUE
ctsd,Poly2,0.857321941,0.024203539,-0.00026687,NA,NA,0.175954762,-1.94,0.473056561,0.857321941,1,FALSE,92.04864816,87.35983294,96.30760141,0.824045238,TRUE,TRUE,TRUE,TRUE,TRUE
tra2b,Poly2,0.961185204,-0.03430195,0.00039908,NA,NA,0.185500254,-0.88,0.493471438,0.961185204,1,TRUE,92.05835595,88.97400244,94.95980347,1.185500254,TRUE,TRUE,TRUE,TRUE,TRUE
rrp7a,Poly2,0.835844963,0.026710049,-0.000292,NA,NA,0.179980545,-1.49,0.284916219,0.835844963,1,FALSE,92.0614133,87.65464625,96.08366284,0.820019455,TRUE,TRUE,TRUE,TRUE,TRUE
foxa3,Poly2,0.868264039,0.034565879,-0.000378769,NA,NA,0.181195147,-1.35,0.833246046,0.868264039,1,FALSE,92.66751771,89.34178339,95.77291572,0.818804853,TRUE,TRUE,TRUE,TRUE,TRUE
mapk11,Poly2,1.107564456,-0.04968583,0.000549292,NA,NA,0.227697974,3.22,0.927400332,1.107564456,1,TRUE,92.81081985,89.97840276,95.48365614,1.227697974,TRUE,TRUE,TRUE,TRUE,TRUE
ppp2r1b,Poly2,0.803913409,0.035921845,-0.000393373,NA,NA,0.257297492,5.66,0.180251587,0.803913409,1,FALSE,92.99093892,88.41009734,97.16570119,0.742702508,TRUE,TRUE,TRUE,TRUE,TRUE
araf,Poly2,0.941758422,0.030562239,-0.000341225,NA,NA,0.169478269,-2.69,0.495849576,0.941758422,1,FALSE,93.06881727,89.70696682,96.21112555,0.830521731,TRUE,TRUE,TRUE,TRUE,TRUE
zw10,Poly2,0.99765028,-0.041354849,0.000452047,NA,NA,0.087255367,-15.97,0.59225296,0.99765028,1,TRUE,93.60119993,92.31157851,94.85691699,1.087255367,TRUE,TRUE,TRUE,TRUE,TRUE
rbm8a,Poly2,0.837946845,0.035714751,-0.00039152,NA,NA,0.254560406,5.45,0.261451057,0.837946845,1,FALSE,93.74139265,89.2726238,97.82883709,0.745439594,TRUE,TRUE,TRUE,TRUE,TRUE
mphosph6,Poly2,1.107110667,-0.049262088,0.000535745,NA,NA,0.215674994,2.13,0.719980994,1.107110667,1,TRUE,94.10398348,91.38878956,96.67378261,1.215674994,TRUE,TRUE,TRUE,TRUE,TRUE
mapk14a,Poly2,1.075214768,-0.046728599,0.000510874,NA,NA,0.210278061,1.63,0.248276467,1.075214768,1,TRUE,94.27231063,91.51918212,96.87725617,1.210278061,TRUE,TRUE,TRUE,TRUE,TRUE
rdh10a,Poly2,1.042335292,0.038880579,-0.000445407,NA,NA,0.253068756,5.33,0.733467202,1.042335292,1,FALSE,94.32350646,90.65390947,97.74448971,0.746931244,TRUE,TRUE,TRUE,TRUE,TRUE
prkag1,Poly2,0.910417091,0.037316339,-0.000399572,NA,NA,0.165766164,-3.13,0.790616615,0.910417091,1,FALSE,95.38961748,92.62347426,98.00666381,0.834233836,TRUE,TRUE,TRUE,TRUE,TRUE
rap1b,Poly2,0.912271318,0.041896674,-0.000448958,NA,NA,0.185185815,-0.92,0.724711337,0.912271318,1,FALSE,95.5907697,92.85505872,98.18123302,0.814814185,TRUE,TRUE,TRUE,TRUE,TRUE
mthfd1b,Poly2,0.92894752,0.070049775,-0.00074125,NA,NA,0.160586121,-3.77,0.144336014,0.92894752,1,FALSE,95.76349405,94.33371416,97.15225951,0.839413879,TRUE,TRUE,TRUE,TRUE,TRUE
taf11,Poly2,0.787897147,0.039746051,-0.00041986,NA,NA,0.277258083,7.16,0.783223767,0.787897147,1,FALSE,96.27690167,91.8176993,100.3621608,0.722741917,TRUE,TRUE,TRUE,TRUE,TRUE
adora2aa,Poly2,0.886126484,0.058070704,-0.000618213,NA,NA,0.275103307,7,0.134057945,0.886126484,1,FALSE,96.6320268,93.72022896,99.38211155,0.724896693,TRUE,TRUE,TRUE,TRUE,TRUE
trap1,Poly2,1.060888137,-0.041804867,0.000445755,NA,NA,0.206002509,1.21,0.76133406,1.060888137,1,TRUE,97.13576321,94.14520016,99.95784545,1.206002509,TRUE,TRUE,TRUE,TRUE,TRUE
mapk1,Poly2,0.829014687,0.029403198,-0.000304126,NA,NA,0.184980076,-0.94,0.625018654,0.829014687,1,FALSE,97.15461736,93.05156817,100.9382775,0.815019924,TRUE,TRUE,TRUE,TRUE,TRUE
tmco1,Poly2,0.879738202,0.056033602,-0.000585263,NA,NA,0.226056352,3.07,0.949562662,0.879738202,1,FALSE,97.59319328,95.07917965,99.98590742,0.773943648,TRUE,TRUE,TRUE,TRUE,TRUE
smad2,Poly2,0.876306808,0.027683467,-0.000289653,NA,NA,0.195766742,0.2,0.166101014,0.876306808,1,FALSE,98.11071456,93.678916,102.1823275,0.804233258,TRUE,TRUE,TRUE,TRUE,TRUE
wdr3,Poly2,0.983336197,-0.043933129,0.000471504,NA,NA,0.213233345,1.9,0.629695988,0.983336197,1,TRUE,98.14459069,95.29895986,100.840973,1.213233345,TRUE,TRUE,TRUE,TRUE,TRUE
riok2,Poly2,1.232920991,-0.061931373,0.000633762,NA,NA,0.271389953,6.73,0.286363175,1.232920991,1,TRUE,98.33741815,95.52740181,100.9960042,1.271389953,TRUE,TRUE,TRUE,TRUE,TRUE
ptpn4b,Poly2,0.984927747,0.057614408,-0.000619441,NA,NA,0.34015617,11.25,0.798467473,0.984927747,1,FALSE,98.34652834,94.88980646,101.5864917,0.65984383,TRUE,TRUE,TRUE,TRUE,TRUE
mylpfa,Poly2,1.020771409,-0.044197571,0.000463641,NA,NA,0.159955545,-3.85,0.945255269,1.020771409,1,TRUE,98.37865315,96.18529244,100.4808758,1.159955545,TRUE,TRUE,TRUE,TRUE,TRUE
ndufc2,Poly2,0.849877984,0.040086095,-0.000407999,NA,NA,0.1704962,-2.57,0.482581685,0.849877984,1,FALSE,98.75602391,96.02479946,101.3444041,0.8295038,TRUE,TRUE,TRUE,TRUE,TRUE
ncoa1,Poly2,0.894646212,0.029117426,-0.000302934,NA,NA,0.196340108,0.25,0.387644037,0.894646212,1,FALSE,99.14735238,94.97500731,103.0034726,0.803659892,TRUE,TRUE,TRUE,TRUE,TRUE
mybl2b,Exp2,0.001926653,NA,NA,0.954591202,NA,0.155714586,-5.05,0.313959395,0.954591202,1,TRUE,99.23474584,46.33729335,158.1450912,1.155714586,TRUE,TRUE,TRUE,TRUE,TRUE
mphosph10,Poly2,1.210823238,-0.045449771,0.000463316,NA,NA,0.263565832,6.14,0.776489454,1.210823238,1,TRUE,99.24383721,95.53149207,102.6996516,1.263565832,TRUE,TRUE,TRUE,TRUE,TRUE
cyp1b1,Poly2,0.773223324,0.053647026,-0.000544795,NA,NA,0.301324751,8.82,0.347847798,0.773223324,1,FALSE,99.84242257,96.26850449,103.1798156,0.698675249,TRUE,TRUE,TRUE,TRUE,TRUE