"gene.id","mod.name","b","c","d","e","f","SDres","AIC.model","lof.p","ctrl.mod","ctrl.mean","adv.incr","bmd","bmdl","bmdu","bmr","conv.pass","hd.pass","CI.pass","ld.pass","all.pass"
"mdh2","Exp4",971.790326323056,0.426889092775392,NA,1,NA,0.36892568692705,19.04,0.999611088462151,1,1,FALSE,0.0010620094075217,0.00042911236055275,0.00188006351876947,0.63107431307295,TRUE,TRUE,TRUE,TRUE,TRUE
"rpl22","Exp4",668.191124707803,1.47319239760371,NA,1,NA,0.244870715644472,5.1,0.883315069003411,1,1,TRUE,0.00109069184275797,0.000497642852935172,0.00243491433883147,1.24487071564447,TRUE,TRUE,TRUE,TRUE,TRUE
"ppp2r1b","Exp4",782.016562446596,1.38357626602684,NA,1,NA,0.229603841147096,2.92,0.931748099877237,1,1,TRUE,0.00116745494656323,0.000498309254141387,0.00350285193273063,1.2296038411471,TRUE,TRUE,TRUE,TRUE,TRUE
"sod2","Exp4",977.352775798672,0.453505475193764,NA,1,NA,0.382367135105431,20.26,0.994756851906583,1,1,FALSE,0.00123073028880498,0.000484672937934391,0.00240894680298207,0.617632864894569,TRUE,TRUE,TRUE,TRUE,TRUE
"ndufb9","Exp4",1139.38277196173,0.495017657745563,NA,1.0000001080321,NA,0.382743259538759,20.29,0.999050409153151,1.0000001080321,1,FALSE,0.00124501196774575,0.00046830906368486,0.00336884891309673,0.617256740461241,TRUE,TRUE,TRUE,TRUE,TRUE
"rpl21","Exp4",525.877300314181,1.60247608379971,NA,1.00008630207197,NA,0.297205919454576,11.69,0.729800124703713,1.00008630207197,1,TRUE,0.00129209640589286,0.000608897873901158,0.00278589196669753,1.29720591945458,TRUE,TRUE,TRUE,TRUE,TRUE
"echs1","Exp4",750.580607201636,0.639001514705038,NA,1.0000278290343,NA,0.224280218128837,2.12,0.971569081919268,1.0000278290343,1,FALSE,0.00129381081038387,0.000514674123617624,0.00258620438625424,0.775719781871163,TRUE,TRUE,TRUE,TRUE,TRUE
"hmgcs1","Exp4",792.716277350337,0.429986167070663,NA,1,NA,0.367464077923854,18.9,0.980540918017009,1,1,FALSE,0.00130515934260134,0.000528629645452608,0.002314788222526,0.632535922076146,TRUE,TRUE,TRUE,TRUE,TRUE
"th","Exp4",791.528125896249,0.380215233153946,NA,1.00001194287045,NA,0.404243203883074,22.15,0.987396442926369,1.00001194287045,1,FALSE,0.00133444597181801,0.000546821787396486,0.00229418868804586,0.595756796116926,TRUE,TRUE,TRUE,TRUE,TRUE
"mmp24","Exp4",593.884321484671,0.508420798247547,NA,1,NA,0.277540689643771,9.36,0.810273852677758,1,1,FALSE,0.00139899439582895,0.000573914644690176,0.00243659431074953,0.722459310356229,TRUE,TRUE,TRUE,TRUE,TRUE
"gabbr1b","Exp4",1015.56380890983,0.522831368297697,NA,1,NA,0.366153330407782,18.78,0.918162515577849,1,1,FALSE,0.00143582849110289,0.000531951326349117,0.00593376960850738,0.633846669592218,TRUE,TRUE,TRUE,TRUE,TRUE
"pex19","Exp4",593.030879285871,0.543243851522487,NA,1.00017632475536,NA,0.277603934359882,9.37,0.990589852452393,1.00017632475536,1,FALSE,0.00157938651824939,0.00063859085650597,0.00290868069650232,0.722396065640118,TRUE,TRUE,TRUE,TRUE,TRUE
"esrrga","Exp4",447.594338039066,0.525393904335618,NA,1,NA,0.264752849975355,7.76,0.764700091581865,1,1,FALSE,0.00181811769853039,0.00074755529834487,0.00317404449044628,0.735247150024645,TRUE,TRUE,TRUE,TRUE,TRUE
"ahcyl1","Exp4",518.937944020843,0.528238120916918,NA,1.00001067360868,NA,0.299964899068686,12,0.89269146638485,1.00001067360868,1,FALSE,0.00194667674365326,0.000781316477930673,0.00366649850683527,0.700035100931314,TRUE,TRUE,TRUE,TRUE,TRUE
"ptprb","Exp4",544.41307609921,0.387509192302269,NA,1,NA,0.409170367998769,22.56,0.996790910804463,1,1,FALSE,0.00202469148249236,0.000830085932434843,0.00354084412403209,0.590829632001231,TRUE,TRUE,TRUE,TRUE,TRUE
"pigs","Exp4",341.404757365331,1.40885810056662,NA,1,NA,0.212988547187675,0.36,0.533605221723641,1,1,TRUE,0.00218962733141076,0.000988091056294698,0.00491519163969637,1.21298854718768,TRUE,TRUE,TRUE,TRUE,TRUE
"glod4","Exp4",504.146939449777,0.563157919832113,NA,1,NA,0.303707634393299,12.43,0.994458066632936,1,1,FALSE,0.00235658919109983,0.000915205684963069,0.00518072713114336,0.696292365606701,TRUE,TRUE,TRUE,TRUE,TRUE
"ndc1","Exp4",272.019519632034,1.6973808176374,NA,1,NA,0.351462547652665,17.39,0.225228187882697,1,1,TRUE,0.00258607911469841,0.00121344819717853,0.00585502059042346,1.35146254765266,TRUE,TRUE,TRUE,TRUE,TRUE
"apex1","Exp4",223.875285628276,1.83773610772443,NA,1.00557022227732,NA,0.44863231257249,25.69,0.10296633042429,1.00557022227732,1,TRUE,0.00333419447097816,0.00154413921653513,0.00845156159813681,1.44863231257249,TRUE,TRUE,TRUE,TRUE,TRUE
"sart1","Exp4",281.715097499155,1.4191197754836,NA,1,NA,0.259236359921748,7.04,0.834846562073139,1,1,TRUE,0.00346494793210942,0.00144508281233428,0.0152620405224583,1.25923635992175,TRUE,TRUE,TRUE,TRUE,TRUE
"npy2rl","Exp4",201.972932664633,0.508853915363102,NA,1.00334075735899,NA,0.248785899303028,5.64,0.989684162412932,1.00334075735899,1,FALSE,0.00354844924552001,0.00152342524031005,0.00592952229152322,0.751214100696972,TRUE,TRUE,TRUE,TRUE,TRUE
"msh6","Exp4",175.282549453825,1.87933125625628,NA,1,NA,0.466421883115519,27.01,0.342390664394092,1,1,TRUE,0.00437122147565792,0.00203167446201868,0.0113752847210077,1.46642188311552,TRUE,TRUE,TRUE,TRUE,TRUE
"calm3a","Exp4",124.029264149363,0.614107754282397,NA,1,NA,0.217033985110807,1,0.883496419544856,1,1,FALSE,0.006397389203651,0.00256570644795119,0.0116627397169689,0.782966014889193,TRUE,TRUE,TRUE,TRUE,TRUE
"pgam1b","Exp4",95.0011304573113,0.44989374824241,NA,1,NA,0.284526521528593,10.21,0.870106402582095,1,1,FALSE,0.00697578457331001,0.00265539126306333,0.0117480205410871,0.715473478471407,TRUE,TRUE,TRUE,TRUE,TRUE
"valopa","Exp4",98.6821093409785,0.500046684147968,NA,1,NA,0.269217787017553,8.33,0.535354423975532,1,1,FALSE,0.00753967276973164,0.00306914866487922,0.0128628135937851,0.730782212982447,TRUE,TRUE,TRUE,TRUE,TRUE
"cdk1","Exp4",84.0563259979331,1.99026381539945,NA,1.05572484932787,NA,0.56947384628099,33.8,0.118257954894403,1.05572484932787,1,TRUE,0.00804371321084333,0.00354885143814299,0.0212672047231373,1.56947384628099,TRUE,TRUE,TRUE,TRUE,TRUE
"bcas2","Exp4",103.865142659787,1.35100037552623,NA,1.00968277751196,NA,0.215390090602155,0.74,0.422846291290195,1.00968277751196,1,TRUE,0.00836226947540231,0.00339542648689889,0.0246809768088806,1.21539009060215,TRUE,TRUE,TRUE,TRUE,TRUE
"cycsb","Exp4",72.8458234222563,0.665520230371804,NA,1,NA,0.181613200730541,-5.06,0.333188868363686,1,1,FALSE,0.00900282475898881,0.00319363741719642,0.0167847255263967,0.818386799269459,TRUE,TRUE,TRUE,TRUE,TRUE
"pqbp1","Exp4",65.8927250752401,1.507916248626,NA,1.01483689199019,NA,0.247956506506483,5.53,0.383557237709377,1.01483689199019,1,TRUE,0.00913543786239504,0.00405926894340619,0.0192205784198039,1.24795650650648,TRUE,TRUE,TRUE,TRUE,TRUE
"acat1","Exp4",111.629579053243,0.491678529146498,NA,1,NA,0.348360824950922,17.09,0.974113276174876,1,1,FALSE,0.00975623986360816,0.00373884675771661,0.0189312226829488,0.651639175049078,TRUE,TRUE,TRUE,TRUE,TRUE
"acadl","Exp4",60.2177515029599,0.57368456788632,NA,1,NA,0.211449596952043,0.12,0.739508924370955,1,1,FALSE,0.0110162802532271,0.00458191941100717,0.018822541645708,0.788550403047957,TRUE,TRUE,TRUE,TRUE,TRUE
"atp6v1h","Exp4",91.5345590238871,0.752345856559322,NA,1,NA,0.17169239931832,-6.97,0.258626682620182,1,1,FALSE,0.0113546639686133,0.00405385352608369,0.0286394679330655,0.82830760068168,TRUE,TRUE,TRUE,TRUE,TRUE
"gria4a","Exp4",61.0406004532919,0.371420275231824,NA,1,NA,0.336501274177077,15.91,0.83702982459146,1,1,FALSE,0.0116997107877759,0.00465635796978884,0.0190445500037111,0.663498725822923,TRUE,TRUE,TRUE,TRUE,TRUE
"nr3c2","Exp4",49.6018924263586,0.445826698359464,NA,1,NA,0.252805737353909,6.19,0.886208354792519,1,1,FALSE,0.0117188290059623,0.00483834089696704,0.019055104920871,0.747194262646091,TRUE,TRUE,TRUE,TRUE,TRUE
"sae1","Exp4",47.0619788698577,1.83792112358648,NA,1.0094820107476,NA,0.422655364210971,23.66,0.166712090380911,1.0094820107476,1,TRUE,0.0142431722192707,0.00657547621157829,0.0332693243826306,1.42265536421097,TRUE,TRUE,TRUE,TRUE,TRUE
"tkta","Exp4",58.5451396316181,0.487676933947266,NA,1,NA,0.335688881185318,15.83,0.690381036093714,1,1,FALSE,0.0164423174472567,0.00615674853819224,0.030504358383611,0.664311118814682,TRUE,TRUE,TRUE,TRUE,TRUE
"nppa","Exp4",40.4273667663287,1.71802284802827,NA,1.02298143877354,NA,0.395590568902194,21.41,0.523990393706487,1.02298143877354,1,TRUE,0.01750827829526,0.00764208383641578,0.0444732258930813,1.39559056890219,TRUE,TRUE,TRUE,TRUE,TRUE
"vipr2","Exp4",48.7789278744235,0.459619020818981,NA,1,NA,0.385240054201863,20.51,0.681142460777469,1,1,FALSE,0.0221420849111699,0.00784434727390213,0.043102938192506,0.614759945798137,TRUE,TRUE,TRUE,TRUE,TRUE
"orc6","Exp4",30.6777300723447,1.59232400950702,NA,1.00940603582551,NA,0.307577916624583,12.86,0.491238340612698,1.00940603582551,1,TRUE,0.0225099876374069,0.00993913545561327,0.0524103796040019,1.30757791662458,TRUE,TRUE,TRUE,TRUE,TRUE
"gria3a","Exp4",43.8693516222736,0.456726847014924,NA,1,NA,0.355506605764026,17.78,0.871723068757914,1,1,FALSE,0.023653350680831,0.00974228268839606,0.0424364588906588,0.644493394235974,TRUE,TRUE,TRUE,TRUE,TRUE
"hspb6","Exp4",41.9099309885108,0.419185542406921,NA,1,NA,0.399296281953837,21.73,0.868250091289675,1,1,FALSE,0.0262969641103593,0.0105114674037172,0.0475465976457151,0.600703718046163,TRUE,TRUE,TRUE,TRUE,TRUE
"gcat","Exp4",19.8426167040636,0.732326423806509,NA,1.00286191062576,NA,0.116697828061477,-20.09,0.7522815715766,1.00286191062576,1,FALSE,0.0297166105973819,0.0134547387617058,0.0504738831699121,0.883302171938523,TRUE,TRUE,TRUE,TRUE,TRUE
"cars","Exp4",8.0101610096933,0.716748889444466,NA,1,NA,0.191573523487859,-3.24,0.436286480514773,1,1,FALSE,0.11190788508557,0.0381282620380313,0.246284185811408,0.808426476512141,TRUE,TRUE,TRUE,TRUE,TRUE
"hoxc5a","Exp4",3.40137769350122,1.52538134104332,NA,1.03652228613914,NA,0.26922736724585,8.33,0.223768241076796,1.03652228613914,1,TRUE,0.163882736488249,0.065602346739345,0.364371910751209,1.26922736724585,TRUE,TRUE,TRUE,TRUE,TRUE
"pgam2","Exp4",6.52833950249668,0.604431059039413,NA,1,NA,0.300693907810656,12.09,0.885539201356401,1,1,FALSE,0.183620027771994,0.0640063645300785,0.477258381623481,0.699306092189344,TRUE,TRUE,TRUE,TRUE,TRUE
"arpc5b","Exp4",2.4557111933218,1.49410685228622,NA,1.06378123544714,NA,0.337301594775267,15.99,0.187260837383236,1.06378123544714,1,TRUE,0.29920082277438,0.102535436758724,0.997148070429354,1.33730159477527,TRUE,TRUE,TRUE,TRUE,TRUE
"ldha","Exp4",4.01547352556096,0.64083815911964,NA,1,NA,0.280280948531565,9.7,0.939494142244832,1,1,FALSE,0.324753461298536,0.113907136356543,1.44082342121643,0.719719051468435,TRUE,TRUE,TRUE,TRUE,TRUE
"wnt3a","Exp4",1.0111949644307,2.34264091997596,NA,1.01539775593178,NA,0.407007089056336,22.38,0.800797053526447,1.01539775593178,1,TRUE,0.334872801596282,0.175006202231882,0.595552849333913,1.40700708905634,TRUE,TRUE,TRUE,TRUE,TRUE
"rpl19","Exp4",1.32719515516099,1.65627211667398,NA,1.12401089471481,NA,0.422302548728783,23.63,0.43500004193745,1.12401089471481,1,TRUE,0.390408030547128,0.120864570159834,1.05566719795706,1.42230254872878,TRUE,TRUE,TRUE,TRUE,TRUE
"csnk1g2a","Exp4",1.8007368502052,0.662115253533471,NA,1,NA,0.201099259984782,-1.59,0.423934929084538,1,1,FALSE,0.404348865574864,0.143535541453263,0.772689970186074,0.798900740015218,TRUE,TRUE,TRUE,TRUE,TRUE
"cfl1l","Exp4",0.805231025828651,1.80875882648238,NA,1.14193855249485,NA,0.412749210491787,22.86,0.115872065397375,1.14193855249485,1,TRUE,0.430989060828986,0.133216515075119,0.988688248877049,1.41274921049179,TRUE,TRUE,TRUE,TRUE,TRUE
"riok2","Exp4",1.35438903349151,0.715551769548828,NA,1.00403228869762,NA,0.132868638566579,-15.68,0.375444602780923,1.00403228869762,1,FALSE,0.481902200864529,0.22168240719751,0.822091184428103,0.867131361433421,TRUE,TRUE,TRUE,TRUE,TRUE
"snupn","Exp4",0.899881373613284,1.49896710362299,NA,1.03924401199034,NA,0.232402495438306,3.33,0.112732215462303,1.03924401199034,1,TRUE,0.517855995598262,0.200603865808341,1.08621008632798,1.23240249543831,TRUE,TRUE,TRUE,TRUE,TRUE
"pes","Exp4",1.08128329010576,0.529082815440544,NA,1,NA,0.254563129828503,6.42,0.446459365796373,1,1,FALSE,0.55390924919022,0.185967844925285,0.98115736990883,0.745436870171497,TRUE,TRUE,TRUE,TRUE,TRUE
"ldlra","Exp2",-0.899278216697051,NA,NA,0.852705741514184,NA,0.526770639112116,30.32,0.638430167504985,0.852705741514184,1,FALSE,0.654785503808893,0.172401778488587,0.989973481090829,0.473229360887884,TRUE,TRUE,TRUE,TRUE,TRUE
"lpl","Exp4",1.66950070591208,0.513228382190965,NA,1,NA,0.354465506685635,17.68,0.935866995518909,1,1,FALSE,0.667073829192681,0.246821782886303,1.36128240743993,0.645534493314365,TRUE,TRUE,TRUE,TRUE,TRUE
"prpf38b","Exp4",0.607107566409734,1.4939753042118,NA,1.04432907186043,NA,0.234223987181609,3.59,0.401721436396036,1.04432907186043,1,TRUE,0.756094534899139,0.282634076805279,1.60921781878695,1.23422398718161,TRUE,TRUE,TRUE,TRUE,TRUE
"atp6v1ba","Exp4",1.08100755638311,0.647098344657672,NA,1,NA,0.204453291203409,-1.03,0.895208683861748,1,1,FALSE,0.760437109205665,0.317042511550698,1.39623772340581,0.795546708796591,TRUE,TRUE,TRUE,TRUE,TRUE
"pak2a","Exp4",0.525585653016556,1.53947604044081,NA,1.03903609532406,NA,0.228736751395523,2.79,0.779364356021069,1.03903609532406,1,TRUE,0.786049157824073,0.310244037323203,1.58541127020276,1.22873675139552,TRUE,TRUE,TRUE,TRUE,TRUE
"fgf8a","Exp4",0.810936123134079,1.56237971286213,NA,1,NA,0.264638232505375,7.74,0.691836841033175,1,1,TRUE,0.846377442035984,0.382317060313075,1.89790599339477,1.26463823250538,TRUE,TRUE,TRUE,TRUE,TRUE
"plod1a","Exp4",0.341406379641023,2.11552104685638,NA,1.15457352295128,NA,0.510986691287106,30.12,0.51846207103585,1.15457352295128,1,TRUE,0.94893083317694,0.341973844179073,2.08642187092109,1.51098669128711,TRUE,TRUE,TRUE,TRUE,TRUE
"hsd17b10","Exp4",0.842141452703506,0.547213872329812,NA,1,NA,0.283967070367278,10.14,0.796901349020602,1,1,FALSE,0.974545830640732,0.360156457414565,1.79241851474486,0.716032929632722,TRUE,TRUE,TRUE,TRUE,TRUE
"ywhaz","Exp4",0.46793812515533,1.52772761633376,NA,1.03000668679616,NA,0.229190988733131,2.85,0.324402877959714,1.03000668679616,1,TRUE,0.975350586308881,0.397779101428063,1.98193110843298,1.22919098873313,TRUE,TRUE,TRUE,TRUE,TRUE
"smx5","Exp4",0.651679033812026,1.5691407088076,NA,1.19532859446266,NA,0.517738675070055,30.56,0.111274968438282,1.19532859446266,1,TRUE,0.985600146727754,0.214949938721089,5.79804866740299,1.51773867507005,TRUE,TRUE,TRUE,TRUE,TRUE
"inhbb","Exp4",0.485896387520166,1.64263935083742,NA,1.13534228460385,NA,0.424244758113446,23.79,0.159825542171269,1.13534228460385,1,TRUE,1.03751261910758,0.294928737697316,2.89986134131565,1.42424475811345,TRUE,TRUE,TRUE,TRUE,TRUE
"tpd52l2b","Exp4",0.52359194654056,1.33566538810124,NA,1.04205212460542,NA,0.2036360189043,-1.17,0.414860968761077,1.04205212460542,1,TRUE,1.18378026162089,0.392454993030446,2.9933961082618,1.2036360189043,TRUE,TRUE,TRUE,TRUE,TRUE
"psmc1a","Exp4",0.481589496566533,1.63022787131777,NA,1.16283104631345,NA,0.495900951808404,29.1,0.123482254631509,1.16283104631345,1,TRUE,1.2583913789816,0.336282983419021,4.70845616760322,1.4959009518084,TRUE,TRUE,TRUE,TRUE,TRUE
"gtf2b","Exp4",0.330085049445675,1.67108892694702,NA,1.09603496374197,NA,0.35222261852734,17.46,0.221752083489478,1.09603496374197,1,TRUE,1.29715430065145,0.429071779376955,3.02735779559518,1.35222261852734,TRUE,TRUE,TRUE,TRUE,TRUE
"hsp90aa1.2","Exp4",0.595005335905125,0.444713218905262,NA,1,NA,0.350127035405707,17.26,0.861009248429919,1,1,FALSE,1.43946079719509,0.561454614477391,2.49076499813947,0.649872964594293,TRUE,TRUE,TRUE,TRUE,TRUE
"oprd1a","Exp2",-0.282331212551515,NA,NA,0.87073611052784,NA,0.43967723950335,24.18,0.664520192678078,0.87073611052784,1,FALSE,1.56137883839585,0.388119798581534,2.44096370165107,0.56032276049665,TRUE,TRUE,TRUE,TRUE,TRUE
"ncoa4","Exp4",0.11609239569498,1.52028881752858,NA,1.01404028004187,NA,0.107693210688062,-22.82,0.111436232455795,1.01404028004187,1,TRUE,1.68330050405278,0.759748913445789,2.82590808352822,1.10769321068806,TRUE,TRUE,TRUE,TRUE,TRUE
"fdxr","Exp4",0.586527351748237,0.529741266080524,NA,1,NA,0.356295538472399,17.86,0.991972595591321,1,1,FALSE,2.21791657367846,0.871042382760799,5.14073960398285,0.643704461527601,TRUE,TRUE,TRUE,TRUE,TRUE
"snrnp40","Exp4",0.272891324441484,1.43351761466051,NA,1.05363110319225,NA,0.283922205523276,10.14,0.401775134319558,1.05363110319225,1,TRUE,2.57074298765928,0.856089407870084,7.84006949461653,1.28392220552328,TRUE,TRUE,TRUE,TRUE,TRUE
"tbx5a","Exp4",0.141874367310238,1.67968747968327,NA,1.1495661202942,NA,0.399382412419288,21.74,0.232423380775559,1.1495661202942,1,TRUE,2.71549519610353,0.673238924440324,6.94971862672025,1.39938241241929,TRUE,TRUE,TRUE,TRUE,TRUE
"uqcrc2b","Exp4",0.384998001833795,0.730782265319401,NA,1,NA,0.192926392583544,-3,0.874955568474132,1,1,FALSE,2.89803674218298,1.08218785324214,7.54727081533305,0.807073607416456,TRUE,TRUE,TRUE,TRUE,TRUE
"ifrd2","Exp4",0.183062456288146,0.693924921884638,NA,1,NA,0.15996070374094,-9.37,0.692542933311416,1,1,FALSE,3.27561625650928,1.22081062426677,5.95600775044531,0.84003929625906,TRUE,TRUE,TRUE,TRUE,TRUE
"cacna1ba","Exp4",0.256115251665204,0.661365099468264,NA,1,NA,0.217213096531242,1.03,0.379263934305891,1,1,FALSE,3.46007316278219,1.32736754752743,6.8469201697213,0.782786903468758,TRUE,TRUE,TRUE,TRUE,TRUE
"atic","Exp4",0.083367303033431,1.95547446742759,NA,1.2392706613867,NA,0.592999498012043,35.18,0.151453027842293,1.2392706613867,1,TRUE,4.25668748124985,1.01585694883735,11.6200354059584,1.59299949801204,TRUE,TRUE,TRUE,TRUE,TRUE
"rbx1","Poly2",1.06429392363375,0.0108793619231261,-5.48934447566731e-05,NA,NA,0.159165504317445,-9.54,0.307481407716753,1.06429392363375,1,TRUE,9.1420240229051,1.6988477843128,17.2603018505309,1.15916550431744,TRUE,TRUE,TRUE,TRUE,TRUE
"araf","Poly2",1.13641656846004,0.0191333061955368,-8.64462847492991e-05,NA,NA,0.312800456798727,13.43,0.196007926493368,1.13641656846004,1,TRUE,9.63841037903477,1.364605583341,18.6542073027275,1.31280045679873,TRUE,TRUE,TRUE,TRUE,TRUE
"ddx39b","Poly2",1.08535813478569,0.0211403043294172,-0.000108391429285145,NA,NA,0.284710312430357,10.23,0.368191439138274,1.08535813478569,1,TRUE,9.93615587141676,2.99916042288161,17.473011560899,1.28471031243036,TRUE,TRUE,TRUE,TRUE,TRUE
"sec13","Poly2",1.1229620373146,0.015836958715637,-8.02883741743682e-05,NA,NA,0.277491963422427,9.36,0.249552252852229,1.1229620373146,1,TRUE,10.2948563395299,1.3398712337916,20.2679791533517,1.27749196342243,TRUE,TRUE,TRUE,TRUE,TRUE
"sqrdl","Poly2",1.10294325463956,0.0252539762073167,-0.000116792183728532,NA,NA,0.363702789744536,18.56,0.45234052800612,1.10294325463956,1,TRUE,10.8721403239908,3.45448380836367,18.9053736655062,1.36370278974454,TRUE,TRUE,TRUE,TRUE,TRUE
"vcp","Poly2",0.926350378599939,-0.00846797377461089,3.82888604143299e-05,NA,NA,0.161776994046789,-8.99,0.129563654210312,0.926350378599939,1,FALSE,10.9492122528546,1.22595121401192,21.73164412575,0.838223005953211,TRUE,TRUE,TRUE,TRUE,TRUE
"erbb2","Poly2",1.1071378586189,0.0156179033898238,-7.68127122289527e-05,NA,NA,0.269879526021225,8.41,0.170114579636555,1.1071378586189,1,TRUE,11.0171662017546,2.13199786132794,20.8749802402941,1.26987952602122,TRUE,TRUE,TRUE,TRUE,TRUE
"wdr75","Poly2",1.07670911491123,0.0173926910250959,-8.96019480842618e-05,NA,NA,0.27105100402801,8.56,0.651872435961874,1.07670911491123,1,TRUE,11.9037613653131,3.75158688334658,20.9253739952396,1.27105100402801,TRUE,TRUE,TRUE,TRUE,TRUE
"uba3","Poly2",0.948952012295851,-0.00723999160091613,3.85571331551662e-05,NA,NA,0.133339397759776,-15.56,0.159969044269782,0.948952012295851,1,FALSE,12.1527625957179,2.54330899444878,23.0557383959449,0.866660602240224,TRUE,TRUE,TRUE,TRUE,TRUE
"psmd1","Poly2",1.1509558660058,0.0189894713014959,-8.99210871115861e-05,NA,NA,0.375230857817046,19.62,0.131182551683938,1.1509558660058,1,TRUE,12.5571673618138,2.33307998470678,24.0550135545928,1.37523085781705,TRUE,TRUE,TRUE,TRUE,TRUE
"nr4a2b","Poly2",0.864133156092076,-0.0145587729914497,7.20615414745397e-05,NA,NA,0.317166263355667,13.9,0.10934871020269,0.864133156092076,1,FALSE,13.3328100413915,1.9953733509661,26.3749058196985,0.682833736644333,TRUE,TRUE,TRUE,TRUE,TRUE
"prpf6","Poly2",1.02166600421646,0.0130584898562114,-6.3507808939973e-05,NA,NA,0.185137719578714,-4.4,0.16458366282841,1.02166600421646,1,TRUE,13.3904388544022,5.86755687018312,21.6083987718682,1.18513771957871,TRUE,TRUE,TRUE,TRUE,TRUE
"alg6","Poly2",1.0337264764659,0.0134846330100818,-6.89199788530475e-05,NA,NA,0.202752113605977,-1.31,0.686942597542774,1.0337264764659,1,TRUE,13.4607584032868,5.45586192030357,22.3108541051075,1.20275211360598,TRUE,TRUE,TRUE,TRUE,TRUE
"gmppb","Poly2",1.02515143087315,0.0127078171387897,-5.9711091879831e-05,NA,NA,0.186652110116434,-4.13,0.83701262994276,1.02515143087315,1,TRUE,13.5746084446656,5.80324074215217,22.0600692654416,1.18665211011643,TRUE,TRUE,TRUE,TRUE,TRUE
"bmp2a","Poly2",0.996887229619155,0.0167699295715704,-7.66100151705186e-05,NA,NA,0.213306656808271,0.41,0.670008668266433,0.996887229619155,1,TRUE,13.7716196504588,7.01266400679306,21.0465857488433,1.21330665680827,TRUE,TRUE,TRUE,TRUE,TRUE
"stag1b","Poly2",1.15080736375744,0.0131152499324761,-6.22474202404517e-05,NA,NA,0.336185122819818,15.88,0.131200733442599,1.15080736375744,1,TRUE,15.2363261877211,1.82232356510198,31.0358867160323,1.33618512281982,TRUE,TRUE,TRUE,TRUE,TRUE
"EIF1B","Poly2",1.04622711527039,0.0101428332736218,-5.00712846511893e-05,NA,NA,0.19037717798831,-3.45,0.647309618051009,1.04622711527039,1,TRUE,15.3796941346644,5.32563002368483,26.7807302267755,1.19037717798831,TRUE,TRUE,TRUE,TRUE,TRUE
"atp5g1","Poly2",0.908375673518307,-0.00726952257113419,3.17476465961183e-05,NA,NA,0.197417370390333,-2.22,0.154575092613085,0.908375673518307,1,FALSE,15.6182527925429,1.50207850082683,32.1217037639283,0.802582629609667,TRUE,TRUE,TRUE,TRUE,TRUE
"atf1","Poly2",1.10683458334828,0.00991807377452498,-4.3133033217318e-05,NA,NA,0.251894948905833,6.07,0.100767225650643,1.10683458334828,1,TRUE,15.6974857828437,2.43711076064285,31.0295064870992,1.25189494890583,TRUE,TRUE,TRUE,TRUE,TRUE
"eno3","Poly2",0.911482731681673,-0.00942984816724502,5.05518957786047e-05,NA,NA,0.224937221056711,2.22,0.294645579305568,0.911482731681673,1,FALSE,15.8061448379094,3.04423246271931,31.1384191227075,0.775062778943289,TRUE,TRUE,TRUE,TRUE,TRUE
"ptpn13","Poly2",1.06864247603124,0.0103240757994229,-4.92342867656331e-05,NA,NA,0.220072326654655,1.47,0.482227820422824,1.06864247603124,1,TRUE,15.868489123491,4.51378254346348,28.9053023979565,1.22007232665466,TRUE,TRUE,TRUE,TRUE,TRUE
"mt-co2","Poly2",1.04451672784125,0.0103800459252745,-4.5920367368857e-05,NA,NA,0.19839548616567,-2.05,0.235529950488844,1.04451672784125,1,TRUE,15.9499194749071,5.78056591287213,27.3196086743785,1.19839548616567,TRUE,TRUE,TRUE,TRUE,TRUE
"pafah1b3","Poly2",1.10780890421358,0.0127417081505776,-6.27625859131344e-05,NA,NA,0.297289761222973,11.7,0.444361539128199,1.10780890421358,1,TRUE,16.1567355403156,3.71775636981161,30.7519888612943,1.29728976122297,TRUE,TRUE,TRUE,TRUE,TRUE
"bmp4","Poly2",1.04586703515672,0.0137939777810144,-5.90248932198471e-05,NA,NA,0.259872017242494,7.13,0.872281927406444,1.04586703515672,1,TRUE,16.7090513875383,6.64302516488348,27.9090230690424,1.25987201724249,TRUE,TRUE,TRUE,TRUE,TRUE
"pmm2","Poly2",1.18132928352227,0.0173891446635592,-8.89978747683146e-05,NA,NA,0.448653106405957,25.69,0.329929462327207,1.18132928352227,1,TRUE,16.8211817186296,3.01070529222319,33.5409019199335,1.44865310640596,TRUE,TRUE,TRUE,TRUE,TRUE
"hif1ab","Poly2",0.89410745365641,-0.00777630982428103,3.61745866539049e-05,NA,NA,0.231123485536711,3.14,0.204391724771964,0.89410745365641,1,FALSE,17.5344117372925,1.82525907322504,36.647909530798,0.768876514463289,TRUE,TRUE,TRUE,TRUE,TRUE
"akr1a1b","Poly2",0.946931796165479,-0.00922559899097477,4.53267603872076e-05,NA,NA,0.205617198208993,-0.84,0.785723415373349,0.946931796165479,1,FALSE,18.1547529428286,5.99409196545635,32.4195762193744,0.794382801791007,TRUE,TRUE,TRUE,TRUE,TRUE
"sirt3","Poly2",0.930650799107688,-0.0111696658680002,5.87735870096487e-05,NA,NA,0.253700672211538,6.31,0.705213601337735,0.930650799107688,1,FALSE,18.2589037990842,5.75677911230739,33.245089892204,0.746299327788462,TRUE,TRUE,TRUE,TRUE,TRUE
"gpd1c","Poly2",1.06102494203969,0.0117075069162134,-5.64756135468044e-05,NA,NA,0.257621799591965,6.83,0.739425669360081,1.06102494203969,1,TRUE,18.4310688734354,6.40860653901358,32.4590640278563,1.25762179959197,TRUE,TRUE,TRUE,TRUE,TRUE
"rap1b","Poly2",1.05068732085859,0.011435687797371,-5.52540011063933e-05,NA,NA,0.244770172738794,5.09,0.795533046833905,1.05068732085859,1,TRUE,18.6527584651999,6.90932303443788,32.3114760723143,1.24477017273879,TRUE,TRUE,TRUE,TRUE,TRUE
"nup37","Poly2",1.08215454294711,0.0194772699042149,-0.000103107892121923,NA,NA,0.409597231691117,22.6,0.537858780464398,1.08215454294711,1,TRUE,18.6535090363226,6.95493149716139,32.5275902825511,1.40959723169112,TRUE,TRUE,TRUE,TRUE,TRUE
"nhp2","Poly2",1.00283974978809,0.0119754501999972,-6.4823452317297e-05,NA,NA,0.204539774734307,-1.01,0.63763941259531,1.00283974978809,1,TRUE,18.7447436732551,9.07491857255441,29.8963443177516,1.20453977473431,TRUE,TRUE,TRUE,TRUE,TRUE
"tpm3","Poly2",0.941570714085268,-0.00561054836887994,2.60793640229545e-05,NA,NA,0.154821052403833,-10.48,0.386928240238942,0.941570714085268,1,FALSE,18.8282871387741,3.98274226668972,36.7216020301402,0.845178947596167,TRUE,TRUE,TRUE,TRUE,TRUE
"jak1","Poly2",1.04842406135286,0.0117057172361071,-6.19906444620265e-05,NA,NA,0.24989112250984,5.79,0.46390612650477,1.04842406135286,1,TRUE,19.1538516199762,7.2215184452006,33.3795687597528,1.24989112250984,TRUE,TRUE,TRUE,TRUE,TRUE
"usp1","Poly2",1.05205950575041,0.0119329976251026,-6.34901656630369e-05,NA,NA,0.260038970430317,7.15,0.300516018335957,1.05205950575041,1,TRUE,19.4395550415364,7.22791335995289,34.0955293480831,1.26003897043032,TRUE,TRUE,TRUE,TRUE,TRUE
"atp5f1","Poly2",1.06824034513171,0.0103618407324682,-5.08329012671864e-05,NA,NA,0.25356513549399,6.29,0.695732076656424,1.06824034513171,1,TRUE,19.8106458055953,6.31339974960038,36.0207089032487,1.25356513549399,TRUE,TRUE,TRUE,TRUE,TRUE
"polr2c","Poly2",0.938307081652783,-0.0117261542912519,6.34686326910738e-05,NA,NA,0.269402202859074,8.35,0.531537555396296,0.938307081652783,1,FALSE,19.8449157973405,6.92537269401609,35.6373022377856,0.730597797140926,TRUE,TRUE,TRUE,TRUE,TRUE
"sumo2b","Poly2",0.946592853176173,-0.00927488668937243,4.7713099612783e-05,NA,NA,0.219046053864442,1.32,0.470529630893988,0.946592853176173,1,FALSE,19.8950552058358,6.73552888047859,35.8179430365878,0.780953946135558,TRUE,TRUE,TRUE,TRUE,TRUE
"nol6","Poly2",0.958105894978459,-0.00556558839272279,2.43350692112493e-05,NA,NA,0.143115563412404,-13.16,0.464350629839141,0.958105894978459,1,FALSE,19.9224475124318,5.97761228654648,36.3249392697645,0.856884436587596,TRUE,TRUE,TRUE,TRUE,TRUE
"cox7a3","Poly2",0.918489720045568,-0.0077529467325914,3.81777801781579e-05,NA,NA,0.220889118881672,1.6,0.57331820662553,0.918489720045568,1,FALSE,19.9343350730123,4.3690344839547,39.2781028061801,0.779110881118328,TRUE,TRUE,TRUE,TRUE,TRUE
"bcl7ba","Poly2",0.989633799349757,0.0110615410300474,-5.41645254176964e-05,NA,NA,0.191228854438563,-3.3,0.522714967608644,0.989633799349757,1,TRUE,20.2285422023673,10.4454009219655,31.3539848861728,1.19122885443856,TRUE,TRUE,TRUE,TRUE,TRUE
"eif6","Poly2",1.0299742497671,0.0130713942277068,-6.71489811144365e-05,NA,NA,0.268124615355714,8.19,0.9454398745976,1.0299742497671,1,TRUE,20.3456858795336,8.74834663978356,34.0368985699541,1.26812461535571,TRUE,TRUE,TRUE,TRUE,TRUE
"cyb5r3","Poly2",1.11521951900543,0.012243343692976,-5.59154037246624e-05,NA,NA,0.341684354242712,16.43,0.32374290339029,1.11521951900543,1,TRUE,20.3970265804837,5.2005477877397,38.7927333642762,1.34168435424271,TRUE,TRUE,TRUE,TRUE,TRUE
"htatsf1","Poly2",1.06752567450283,0.0112654211764311,-5.53883964694693e-05,NA,NA,0.275538624561586,9.12,0.804306202884172,1.06752567450283,1,TRUE,20.5387873628569,6.94003279007285,36.9369308617381,1.27553862456159,TRUE,TRUE,TRUE,TRUE,TRUE
"ciapin1","Poly2",1.01390253901799,-0.00998049720273985,4.7132223935882e-05,NA,NA,0.172091723875208,-6.89,0.960419925139404,1.01390253901799,1,FALSE,20.6494070695483,10.9052141861612,31.6643596988002,0.827908276124792,TRUE,TRUE,TRUE,TRUE,TRUE
"ssr1","Poly2",0.937956148237371,-0.00721376228327262,3.33534586809487e-05,NA,NA,0.197167760556681,-2.26,0.540819335778492,0.937956148237371,1,FALSE,20.7155429796452,5.74062983219073,38.8593585771954,0.802832239443319,TRUE,TRUE,TRUE,TRUE,TRUE
"hars","Poly2",1.09019266637135,0.0130327158815652,-6.19684355294503e-05,NA,NA,0.33579634313628,15.84,0.535460444126785,1.09019266637135,1,TRUE,20.9276175452672,6.66659101768294,38.1628340160961,1.33579634313628,TRUE,TRUE,TRUE,TRUE,TRUE
"eif4e2rs1","Poly2",1.09227249322502,0.0142695870104476,-7.07866211389871e-05,NA,NA,0.364147609127961,18.6,0.743369612772929,1.09227249322502,1,TRUE,21.3042736528306,7.02652754944005,38.7910341431393,1.36414760912796,TRUE,TRUE,TRUE,TRUE,TRUE
"gpd1b","Poly2",0.999354328899243,-0.00894706268306548,4.83320257809936e-05,NA,NA,0.169333544458753,-7.44,0.742293195140128,0.999354328899243,1,FALSE,21.3062712171418,10.3291258626639,34.3202455726712,0.830666455541247,TRUE,TRUE,TRUE,TRUE,TRUE
"lsm6","Poly2",1.09691483247324,0.0129977562934156,-6.18143401080817e-05,NA,NA,0.347401387970995,17,0.82206338445347,1.09691483247324,1,TRUE,21.4621424217457,6.62804766679391,39.5751355405339,1.347401387971,TRUE,TRUE,TRUE,TRUE,TRUE
"mapk11","Poly2",0.988064296423151,-0.00960918458417899,5.45835133394455e-05,NA,NA,0.193332797058354,-2.93,0.932767267311967,0.988064296423151,1,FALSE,21.5042487690453,9.7417835085655,35.858161255016,0.806667202941646,TRUE,TRUE,TRUE,TRUE,TRUE
"apoa2","Poly2",0.961445682902605,-0.00923442269719344,5.36529983943081e-05,NA,NA,0.212538808476089,0.29,0.456868829987352,0.961445682902605,1,FALSE,21.5354492758254,8.16084674515347,38.5423992642868,0.787461191523911,TRUE,TRUE,TRUE,TRUE,TRUE
"nras","Poly2",0.979874248691119,-0.00982512452255792,4.87411479542144e-05,NA,NA,0.210651039093539,-0.01,0.438326083451821,0.979874248691119,1,FALSE,21.7352625059676,9.53233049267753,36.2078992635915,0.789348960906461,TRUE,TRUE,TRUE,TRUE,TRUE
"ephb2b","Poly2",1.16815130444227,0.015143030544539,-7.59384133956123e-05,NA,NA,0.467662468923434,27.1,0.372015202223085,1.16815130444227,1,TRUE,22.2647071698553,5.05432272693774,44.6150219118213,1.46766246892343,TRUE,TRUE,TRUE,TRUE,TRUE
"psmc1b","Poly2",1.12699384616916,0.0127612715874934,-6.25204195514391e-05,NA,NA,0.38066792205974,20.11,0.603642132888816,1.12699384616916,1,TRUE,22.3189034166428,5.69082236013984,43.4926177738698,1.38066792205974,TRUE,TRUE,TRUE,TRUE,TRUE
"rab11ba","Poly2",0.955115622713905,-0.00619815558377197,3.07082563038147e-05,NA,NA,0.170385485276757,-7.23,0.836985016888504,0.955115622713905,1,FALSE,22.8305488953955,7.29336655795945,42.3600378913633,0.829614514723243,TRUE,TRUE,TRUE,TRUE,TRUE
"gng12a","Poly2",0.915592921647397,-0.00693247287509425,3.65683430573305e-05,NA,NA,0.223643795483011,2.02,0.52813724632933,0.915592921647397,1,FALSE,22.8353409567223,4.68584951467957,47.511401916608,0.776356204516989,TRUE,TRUE,TRUE,TRUE,TRUE
"paqr3a","Poly2",1.0536394961151,0.0173620984220212,-7.55503607632825e-05,NA,NA,0.411930053519908,22.79,0.945946555569724,1.0536394961151,1,TRUE,22.9228679506986,9.63051207715807,38.4975390303584,1.41193005351991,TRUE,TRUE,TRUE,TRUE,TRUE
"taf11","Poly2",1.13803821458298,0.0108621233169213,-5.40913048625157e-05,NA,NA,0.359386653360898,18.15,0.423461039909462,1.13803821458298,1,TRUE,23.0159920971339,4.56999394063543,47.5555045707167,1.3593866533609,TRUE,TRUE,TRUE,TRUE,TRUE
"ndufa5","Poly2",1.04272126910982,0.0145164333287333,-6.852695812877e-05,NA,NA,0.341493024532825,16.41,0.623626369191752,1.04272126910982,1,TRUE,23.1007766800693,9.71477011466524,39.1215782441062,1.34149302453282,TRUE,TRUE,TRUE,TRUE,TRUE
"ppardb","Poly2",1.06660605453588,0.00926038323249814,-4.64384074796115e-05,NA,NA,0.258161868062386,6.9,0.400032045268336,1.06660605453588,1,TRUE,23.4410237596538,7.56785209865775,43.6490545214425,1.25816186806239,TRUE,TRUE,TRUE,TRUE,TRUE
"rpn1","Poly2",1.0906973340873,0.011478338948118,-5.76213208013387e-05,NA,NA,0.331302693106237,15.38,0.787413570905547,1.0906973340873,1,TRUE,23.8068588735335,7.35484071443361,45.0199861960595,1.33130269310624,TRUE,TRUE,TRUE,TRUE,TRUE
"polr3d","Poly2",0.952610633806723,0.0148801845491171,-7.92322225274737e-05,NA,NA,0.262272057150227,7.44,0.899678011320444,0.952610633806723,1,TRUE,23.8354163399875,13.2724724370936,36.3072005994164,1.26227205715023,TRUE,TRUE,TRUE,TRUE,TRUE
"mrpl12","Poly2",0.940540859751947,-0.00800790774876876,3.73104716123388e-05,NA,NA,0.230671242338444,3.07,0.745747369021143,0.940540859751947,1,FALSE,24.0825803097301,7.81379685325798,44.4337086906165,0.769328757661557,TRUE,TRUE,TRUE,TRUE,TRUE
"timp2b","Poly2",0.998235689603137,0.0112895104553963,-6.13829144859238e-05,NA,NA,0.234712502534561,3.66,0.720237667903832,0.998235689603137,1,TRUE,24.1061726994504,11.6927723793746,39.3759406176605,1.23471250253456,TRUE,TRUE,TRUE,TRUE,TRUE
"nfs1","Poly2",0.986158794925002,-0.00840920242949151,4.25119841567358e-05,NA,NA,0.193594833461309,-2.88,0.881599196267033,0.986158794925002,1,FALSE,24.3809048432702,10.9069710550267,40.908726985549,0.806405166538691,TRUE,TRUE,TRUE,TRUE,TRUE
"rps4x","Poly2",0.969116412487784,-0.00775437100157718,3.9022574543602e-05,NA,NA,0.198191530931911,-2.09,0.588747442527197,0.969116412487784,1,FALSE,24.6283401246579,9.76613323697734,43.3072202151145,0.801808469068089,TRUE,TRUE,TRUE,TRUE,TRUE
"ctsk","Poly2",1.0839442961986,0.0143511478399391,-6.86387587703005e-05,NA,NA,0.397342312107667,21.56,0.655601448315754,1.0839442961986,1,TRUE,24.7730676440403,8.90375178346767,44.7193954144199,1.39734231210767,TRUE,TRUE,TRUE,TRUE,TRUE
"dhfr","Poly2",1.0691247540109,0.00684621860570442,-4.0143824999916e-05,NA,NA,0.214635747530973,0.62,0.134991091337677,1.0691247540109,1,TRUE,24.8855029133603,6.41867982176509,52.4962959831726,1.21463574753097,TRUE,TRUE,TRUE,TRUE,TRUE
"nat10","Poly2",0.964705261535031,-0.00870736958355208,3.72900493608356e-05,NA,NA,0.22929261406506,2.87,0.889084955968143,0.964705261535031,1,FALSE,24.9444723747042,10.0492870766588,42.785218219124,0.77070738593494,TRUE,TRUE,TRUE,TRUE,TRUE
"hspa4b","Poly2",1.09411134065647,0.0121775293582307,-6.04818122252487e-05,NA,NA,0.361030193354289,18.3,0.797585413817226,1.09411134065647,1,TRUE,25.030787195762,7.98008708501293,47.285441550127,1.36103019335429,TRUE,TRUE,TRUE,TRUE,TRUE
"mre11a","Poly2",1.0117039142383,-0.0131695922711142,6.97363801556303e-05,NA,NA,0.27457707214491,9,0.27741254731785,1.0117039142383,1,FALSE,25.0647241576747,12.5458894812214,40.4147418501243,0.72542292785509,TRUE,TRUE,TRUE,TRUE,TRUE
"vldlr","Poly2",0.985675507514544,-0.00917781140314932,5.18837564906958e-05,NA,NA,0.212568669601917,0.29,0.728213927915653,0.985675507514544,1,FALSE,25.1865302653777,11.1690496907345,43.3796569873579,0.787431330398083,TRUE,TRUE,TRUE,TRUE,TRUE
"ntrk1","Poly2",0.92936175339419,-0.0111364759040423,5.27196583470269e-05,NA,NA,0.318989805634924,14.09,0.719191796821956,0.92936175339419,1,FALSE,25.3406349580059,8.90287774249079,46.1686504595867,0.681010194365076,TRUE,TRUE,TRUE,TRUE,TRUE
"eif4g2b","Poly2",1.09181427967575,0.0118794533695367,-5.84469841020869e-05,NA,NA,0.356046531895993,17.83,0.879121540874865,1.09181427967575,1,TRUE,25.4226503835863,8.15922189354819,47.9924781865528,1.35604653189599,TRUE,TRUE,TRUE,TRUE,TRUE
"eif5b","Poly2",0.980163691845891,-0.00915591900263155,5.01936370867998e-05,NA,NA,0.221216323512587,1.65,0.845360459251229,0.980163691845891,1,FALSE,25.5822967977989,11.0461105855577,44.4464664582684,0.778783676487413,TRUE,TRUE,TRUE,TRUE,TRUE
"rfc5","Poly2",0.995220397511147,-0.00793072395134736,3.80012279449592e-05,NA,NA,0.183133811913467,-4.77,0.397058976612332,0.995220397511147,1,FALSE,25.6387996413931,12.0847791276473,42.0803763390457,0.816866188086533,TRUE,TRUE,TRUE,TRUE,TRUE
"apaf1","Poly2",0.954916485671913,-0.00802652684631059,3.84224146666038e-05,NA,NA,0.227044410908564,2.53,0.790158862261415,0.954916485671913,1,FALSE,25.8748213684001,9.50065756949764,46.7281211566532,0.772955589091436,TRUE,TRUE,TRUE,TRUE,TRUE
"pwp1","Poly2",1.13022687444392,0.0135090074899466,-7.58251564643689e-05,NA,NA,0.429434407784078,24.2,0.709863878415658,1.13022687444392,1,TRUE,25.9196781920417,7.15150051982214,53.5126139621842,1.42943440778408,TRUE,TRUE,TRUE,TRUE,TRUE
"dnm1l","Poly2",0.960797624905889,-0.00719576210988134,3.33690385308225e-05,NA,NA,0.205736963771279,-0.82,0.787725174546193,0.960797624905889,1,FALSE,26.3674982184185,9.84491152128926,47.2473555040416,0.794263036228721,TRUE,TRUE,TRUE,TRUE,TRUE
"nup85","Poly2",1.05853335111956,0.00951788483078994,-5.01461809967444e-05,NA,NA,0.275072542811379,9.06,0.4338511977158,1.05853335111956,1,TRUE,26.4315806727556,9.31190352727623,49.6335510680849,1.27507254281138,TRUE,TRUE,TRUE,TRUE,TRUE
"psmb5","Poly2",1.10148421480444,0.00881611979691308,-4.69979198164789e-05,NA,NA,0.304301511937901,12.49,0.470026905162052,1.10148421480444,1,TRUE,26.8478289023856,6.6409450482471,56.8255207872697,1.3043015119379,TRUE,TRUE,TRUE,TRUE,TRUE
"cyp26c1","Poly2",1.1228981074943,0.020070151273441,-9.79474621553164e-05,NA,NA,0.591293986760144,35.08,0.430443247178545,1.1228981074943,1,TRUE,26.8584301874128,9.62423759388833,49.4380409597562,1.59129398676014,TRUE,TRUE,TRUE,TRUE,TRUE
"pole3","Poly2",1.06981055044808,0.0091668319979291,-4.68511013802115e-05,NA,NA,0.283914874851673,10.13,0.378286485494458,1.06981055044808,1,TRUE,27.1137462762254,8.86668301400153,52.1640481075296,1.28391487485167,TRUE,TRUE,TRUE,TRUE,TRUE
"nr4a2a","Poly2",0.872968819469037,-0.00999018230672068,5.54032677479079e-05,NA,NA,0.357850060323805,18,0.548328363935607,0.872968819469037,1,FALSE,27.2108197406535,6.10912055025701,77.3687273304573,0.642149939676195,TRUE,TRUE,TRUE,TRUE,TRUE
"rps5","Poly2",0.924124088664081,-0.00700163631755967,3.65495857406564e-05,NA,NA,0.244103712473112,5,0.682217048936282,0.924124088664081,1,FALSE,28.1691076581692,7.56241059181888,58.9117231558026,0.755896287526888,TRUE,TRUE,TRUE,TRUE,TRUE
"gbx2","Poly2",0.918719235610098,-0.0130282903726224,7.42340133647253e-05,NA,NA,0.391695569492513,21.08,0.771005701321726,0.918719235610098,1,FALSE,28.4324135605518,9.93469046108515,56.4520163319926,0.608304430507487,TRUE,TRUE,TRUE,TRUE,TRUE
"akt2","Poly2",0.970079889682185,-0.00675147307371133,3.37766036530291e-05,NA,NA,0.196522450679398,-2.37,0.900296206989198,0.970079889682185,1,FALSE,28.8365437466497,11.3222380779694,52.4343062113445,0.803477549320602,TRUE,TRUE,TRUE,TRUE,TRUE
"rhoab","Poly2",0.993151563393049,-0.00619258433168352,2.69205315932844e-05,NA,NA,0.16803332839303,-7.7,0.904035811835945,0.993151563393049,1,FALSE,29.9204803416587,13.8100157106502,49.9065732270218,0.83196667160697,TRUE,TRUE,TRUE,TRUE,TRUE
"fynb","Poly2",1.0262708660745,0.0101706571614449,-5.17072403314151e-05,NA,NA,0.285099775596332,10.28,0.632216182746759,1.0262708660745,1,TRUE,30.0347715909104,12.8042389293791,53.4687738437513,1.28509977559633,TRUE,TRUE,TRUE,TRUE,TRUE
"eif4a3","Poly2",0.969887941860772,-0.00795878317651633,3.86904855255168e-05,NA,NA,0.236687013188191,3.95,0.275523574734385,0.969887941860772,1,FALSE,30.4685515331029,12.4047704981918,54.9315839229297,0.763312986811808,TRUE,TRUE,TRUE,TRUE,TRUE
"cstf3","Poly2",0.99253838289361,-0.0062287520689394,3.09207860212736e-05,NA,NA,0.171615781784861,-6.98,0.243354467147966,0.99253838289361,1,FALSE,31.1806111691503,14.0927247950872,54.1827249849657,0.828384218215139,TRUE,TRUE,TRUE,TRUE,TRUE
"eif2b4","Poly2",0.966561504471236,0.0165552365659827,-7.4349420435737e-05,NA,NA,0.422862356638655,23.68,0.970621667910676,0.966561504471236,1,TRUE,32.2264074301858,16.5035024032679,51.9835492532052,1.42286235663865,TRUE,TRUE,TRUE,TRUE,TRUE
"taf10","Poly2",0.971383015278682,-0.00743077970749347,4.00131255997649e-05,NA,NA,0.229796567462353,2.94,0.91864742162527,0.971383015278682,1,FALSE,32.9036553724334,13.1595871523194,148.176114941363,0.770203432537647,TRUE,TRUE,TRUE,TRUE,TRUE
"sirt1","Poly2",0.971969606328613,-0.00963220400710437,5.59340570186462e-05,NA,NA,0.285006426893998,10.26,0.837753908522691,0.971969606328613,1,FALSE,33.0042908627165,13.538571000094,123.598536775683,0.714993573106002,TRUE,TRUE,TRUE,TRUE,TRUE
"hmox1a","Poly2",1.09808065711886,0.0153017146313251,-8.93791290734986e-05,NA,NA,0.51418339169433,30.33,0.398429138791279,1.09808065711886,1,TRUE,33.9097390206084,11.8938749392977,111.292087484773,1.51418339169433,TRUE,TRUE,TRUE,TRUE,TRUE
"rae1","Poly2",1.03009914439408,-0.00740852468657811,3.35811687316226e-05,NA,NA,0.183359085822841,-4.73,0.11145899155281,1.03009914439408,1,FALSE,34.0757881789418,18.4557457685904,53.8716717566386,0.816640914177159,TRUE,TRUE,TRUE,TRUE,TRUE
"enoph1","Poly2",1.00585780132041,-0.00815571474946856,3.97504788608822e-05,NA,NA,0.227273034170814,2.57,0.998569284515187,1.00585780132041,1,FALSE,34.3287157975236,16.5159838551119,58.9003664854716,0.772726965829185,TRUE,TRUE,TRUE,TRUE,TRUE
"hand2","Poly2",1.00536490116536,-0.00959118060829008,5.44486624622501e-05,NA,NA,0.265301294955356,7.83,0.771615326336986,1.00536490116536,1,FALSE,35.2905098932049,16.4744872964311,77.4881053445862,0.734698705044644,TRUE,TRUE,TRUE,TRUE,TRUE
"rpl39","Poly2",1.01103153460224,-0.0100339051871298,4.47981629429492e-05,NA,NA,0.287650191476344,10.58,0.82752292977197,1.01103153460224,1,FALSE,35.3447531111291,17.3229900472783,59.2110717215377,0.712349808523656,TRUE,TRUE,TRUE,TRUE,TRUE
"lig3","Poly2",1.02564503071461,-0.00944275318858333,4.98933058089558e-05,NA,NA,0.245936047118943,5.25,0.503911192538739,1.02564503071461,1,FALSE,35.3715666894397,17.9384514469283,60.8595953653201,0.754063952881057,TRUE,TRUE,TRUE,TRUE,TRUE
"cyp2p10","Poly2",1.09046232501383,0.0166607873863194,-8.70109800550506e-05,NA,NA,0.579994826614877,34.42,0.795689066414397,1.09046232501383,1,TRUE,36.2419662229645,13.6140788892265,77.4952807732642,1.57999482661488,TRUE,TRUE,TRUE,TRUE,TRUE
"fsta","Poly2",0.959272169904405,-0.0116807427763039,6.48042174395653e-05,NA,NA,0.38598886185249,20.58,0.987062183732602,0.959272169904405,1,FALSE,37.2606923306984,14.908445468929,99.7062080227658,0.61401113814751,TRUE,TRUE,TRUE,TRUE,TRUE
"rnf185","Poly2",0.987291143671234,-0.00753358786859205,3.84121157355839e-05,NA,NA,0.252315641251591,6.12,0.975888246474512,0.987291143671234,1,FALSE,39.9378569812839,17.2552828676612,156.391076747704,0.747684358748409,TRUE,TRUE,TRUE,TRUE,TRUE
"sf3a2","Poly2",0.990897870270631,-0.00728771480909425,3.84514162607641e-05,NA,NA,0.24584550946228,5.24,0.71962043468534,0.990897870270631,1,FALSE,41.6286061964769,17.9946619096618,161.063689955886,0.75415449053772,TRUE,TRUE,TRUE,TRUE,TRUE
"csf1ra","Poly2",0.976659005161282,0.00846278008636877,-4.09209371671871e-05,NA,NA,0.258335737485772,6.92,0.797443791007407,0.976659005161282,1,TRUE,41.6872905806172,20.6813533241418,103.977216140922,1.25833573748577,TRUE,TRUE,TRUE,TRUE,TRUE
"phax","Poly2",0.990867800049205,-0.00662974565138559,3.41574647535736e-05,NA,NA,0.229828903715052,2.95,0.780922894541044,0.990867800049205,1,FALSE,42.6691762969823,18.3912435011779,163.094546697206,0.770171096284948,TRUE,TRUE,TRUE,TRUE,TRUE
"dhx15","Poly2",1.01751650134503,-0.00722324835401022,3.76409756961496e-05,NA,NA,0.224065408727049,2.09,0.260110145956926,1.01751650134503,1,FALSE,43.1458045598745,20.7952807420122,103.39196320882,0.775934591272951,TRUE,TRUE,TRUE,TRUE,TRUE
"txn","Poly2",0.927955163805852,-0.00850414907855651,5.38244678735221e-05,NA,NA,0.356668486996062,17.89,0.934625710067005,0.927955163805852,1,FALSE,48.1309535562935,14.6606838322067,149.790879466254,0.643331513003938,TRUE,TRUE,TRUE,TRUE,TRUE
"znrd1","Exp2",-0.00674969702528704,NA,NA,0.959338759608531,NA,0.349971108132683,16.42,0.920340311138147,0.959338759608531,1,FALSE,57.6659134015235,26.04935465514,83.7012690847386,0.650028891867317,TRUE,TRUE,TRUE,TRUE,TRUE
"ptges","Lin",0.00361514583026304,NA,1.11757015647971,NA,NA,0.347835215714191,16.21,0.623163060315579,1.11757015647971,1,TRUE,63.6945421346598,36.8525871502681,711.183666173278,1.34783521571419,TRUE,TRUE,TRUE,TRUE,TRUE
"lipf","Exp2",0.00298851973610443,NA,NA,1.16199027228299,NA,0.40919735764516,21.74,0.541270704767149,1.16199027228299,1,TRUE,64.5423226465474,14.6306684400906,123.234137665438,1.40919735764516,TRUE,TRUE,TRUE,TRUE,TRUE
"gk5","Exp2",-0.00223890925523537,NA,NA,0.922741391403769,NA,0.205246698122372,-1.72,0.587963333876275,0.922741391403769,1,FALSE,66.6919653536385,12.5528238101198,114.967151657899,0.794753301877628,TRUE,TRUE,TRUE,TRUE,TRUE
"cfd","Exp2",-0.0102188386804312,NA,NA,0.766973450672988,NA,0.633817613078021,36.61,0.701191670743554,0.766973450672988,1,FALSE,72.3487936775839,15.79436152024,107.937660637118,0.366182386921979,TRUE,TRUE,TRUE,TRUE,TRUE
"mmp11b","Exp2",0.00290256476863606,NA,NA,1.17133038055379,NA,0.460459141232418,25.75,0.550883653062333,1.17133038055379,1,TRUE,76.0054313436879,18.9193083687762,144.476139217655,1.46045914123242,TRUE,TRUE,TRUE,TRUE,TRUE
"ehd1b","Exp2",-0.00400726043758274,NA,NA,0.982627872876891,NA,0.286000822108316,9.56,0.990798845514483,0.982627872876891,1,FALSE,79.6925181231137,38.7110802395494,114.875979937691,0.713999177891684,TRUE,TRUE,TRUE,TRUE,TRUE
"foxo1b","Exp2",0.00321859595902454,NA,NA,1.22330355564205,NA,0.595668155582375,34.5,0.304299964766687,1.22330355564205,1,TRUE,82.563181220146,20.7317064926261,159.848963994989,1.59566815558237,TRUE,TRUE,TRUE,TRUE,TRUE
"thop1","Exp2",-0.00234235311076628,NA,NA,0.932306629615028,NA,0.233137850254681,2.61,0.69952723080967,0.932306629615028,1,FALSE,83.4010475843981,24.7049008527303,134.99021248112,0.766862149745319,TRUE,TRUE,TRUE,TRUE,TRUE
"pck2","Exp2",-0.00246899032658783,NA,NA,0.864187589592266,NA,0.298127662710548,10.97,0.37213392037287,0.864187589592266,1,FALSE,84.2604884050947,5.14791690995535,150.406258953332,0.701872337289452,TRUE,TRUE,TRUE,TRUE,TRUE
"drd1b","Exp2",-0.00376181337063983,NA,NA,0.856160806410541,NA,0.376658354813407,18.92,0.244502557633732,0.856160806410541,1,FALSE,84.3644880864057,15.3879354687099,139.072356202321,0.623341645186593,TRUE,TRUE,TRUE,TRUE,TRUE
"cebpb","Exp2",0.00357345508352883,NA,NA,1.15980160776825,NA,0.582624635998759,33.75,0.566530937231659,1.15980160776825,1,TRUE,86.9846300396681,30.569939560428,157.741283796739,1.58262463599876,TRUE,TRUE,TRUE,TRUE,TRUE
"tph1b","Exp2",-0.00635408592567399,NA,NA,0.859484099017756,NA,0.507081765568123,29.03,0.885515996964636,0.859484099017756,1,FALSE,87.5010227794859,29.0225370169296,130.026489807142,0.492918234431877,TRUE,TRUE,TRUE,TRUE,TRUE
"dusp3a","Exp2",-0.0031848834707849,NA,NA,0.917394689995858,NA,0.307589388286199,12.03,0.694601637138198,0.917394689995858,1,FALSE,88.3418962299952,28.5225186788819,138.561718289317,0.692410611713801,TRUE,TRUE,TRUE,TRUE,TRUE
"nudt5","Exp2",-0.00148016685301906,NA,NA,0.909167294828572,NA,0.202343966717844,-2.21,0.304407902179782,0.909167294828572,1,FALSE,88.4033113315151,7.17645120355563,160.896103882963,0.797656033282156,TRUE,TRUE,TRUE,TRUE,TRUE
"crk","Exp2",-0.00176010526321709,NA,NA,0.938015882696172,NA,0.198536051356807,-2.85,0.117589475714037,0.938015882696172,1,FALSE,89.3849324239183,24.4048350247947,147.686927320012,0.801463948643193,TRUE,TRUE,TRUE,TRUE,TRUE
"bbc3","Exp2",-0.00431074873277438,NA,NA,0.8785171817081,NA,0.40780842908661,21.62,0.474154114038788,0.8785171817081,1,FALSE,91.4934523012523,27.233573480302,141.748774032348,0.59219157091339,TRUE,TRUE,TRUE,TRUE,TRUE
"mphosph10","Exp2",-0.00283868834701115,NA,NA,0.855288786361502,NA,0.345326698935259,15.97,0.418757181855527,0.855288786361502,1,FALSE,94.1642082877193,11.8684559891692,160.81845100077,0.654673301064741,TRUE,TRUE,TRUE,TRUE,TRUE
"psmd13","Exp2",-0.00172423669131162,NA,NA,0.92303833313049,NA,0.216213449251628,0.05,0.332945211323432,0.92303833313049,1,FALSE,94.8443093878901,20.9896114827356,160.340018901293,0.783786550748372,TRUE,TRUE,TRUE,TRUE,TRUE
"myca","Exp2",-0.00218427906966776,NA,NA,0.887245599603116,NA,0.279773476263916,8.81,0.363614892777182,0.887245599603116,1,FALSE,95.4804976454212,14.7064842020195,164.107704422693,0.720226523736084,TRUE,TRUE,TRUE,TRUE,TRUE
"tmsb4x","Exp2",0.00204125021287536,NA,NA,1.23920467259842,NA,0.525870979412353,30.26,0.209996650008462,1.23920467259842,1,TRUE,101.945169537014,12.29423886145,211.778418879657,1.52587097941235,TRUE,TRUE,TRUE,TRUE,TRUE
"ppm1bb","Exp2",-0.00188648619917109,NA,NA,0.904886307127424,NA,0.255952369004205,5.78,0.692569213998272,0.904886307127424,1,FALSE,103.74009391978,20.9213906208213,175.341059363322,0.744047630995795,TRUE,TRUE,TRUE,TRUE,TRUE
"alas1","Exp2",-0.00311727775911753,NA,NA,0.848311791903877,NA,0.386966123500238,19.84,0.554396008854463,0.848311791903877,1,FALSE,104.202472475895,17.8970326932889,172.133163895544,0.613033876499762,TRUE,TRUE,TRUE,TRUE,TRUE
"rnps1","Exp2",0.00236832316491228,NA,NA,1.15164532615634,NA,0.474746240701367,26.79,0.484213352489501,1.15164532615634,1,TRUE,104.417462944482,29.948854482466,194.920431008301,1.47474624070137,TRUE,TRUE,TRUE,TRUE,TRUE
"gata4","Exp2",-0.00283485986518493,NA,NA,0.852070510343851,NA,0.366560700264195,17.99,0.577881765358156,0.852070510343851,1,FALSE,104.59250823289,16.0577696033988,175.294467579715,0.633439299735805,TRUE,TRUE,TRUE,TRUE,TRUE
"zgc-101858","Exp2",-0.00190176313355407,NA,NA,0.92391581427589,NA,0.246425360220959,4.49,0.622610588234442,0.92391581427589,1,FALSE,107.159973206484,30.0489813098836,174.390145280909,0.753574639779041,TRUE,TRUE,TRUE,TRUE,TRUE
"nup88","Exp2",-0.00205728570805895,NA,NA,0.997077467196275,NA,0.200738535525383,-2.48,0.60305539525593,0.997077467196275,1,FALSE,107.491309522216,54.5815458245954,155.196089206828,0.799261464474617,TRUE,TRUE,TRUE,TRUE,TRUE
"ywhah","Exp2",-0.00219210840401668,NA,NA,0.90765667663884,NA,0.283891591514864,9.3,0.757895216718599,0.90765667663884,1,FALSE,108.130890622848,28.3584925237103,176.000490618285,0.716108408485136,TRUE,TRUE,TRUE,TRUE,TRUE
"uqcrfs1","Exp2",-0.00176354546534648,NA,NA,0.957713733354403,NA,0.209865803132719,-0.97,0.916981719374752,0.957713733354403,1,FALSE,109.067852145135,41.7732538688819,169.207072335952,0.790134196867281,TRUE,TRUE,TRUE,TRUE,TRUE
"rtn4a","Exp2",-0.00164223946667316,NA,NA,0.889535223829922,NA,0.256876254633251,5.9,0.365515077963016,0.889535223829922,1,FALSE,109.506883970697,12.4980652587725,193.152192782131,0.743123745366749,TRUE,TRUE,TRUE,TRUE,TRUE
"pitx3","Exp2",-0.00202298317382843,NA,NA,0.872921202385406,NA,0.304250149221493,11.66,0.398672932213883,0.872921202385406,1,FALSE,112.13889890831,14.9506323079789,193.309990558847,0.695749850778507,TRUE,TRUE,TRUE,TRUE,TRUE
"tuba8l4","Exp2",-0.00318966568370267,NA,NA,0.998827913298662,NA,0.303116903254403,11.53,0.886710990185694,0.998827913298662,1,FALSE,112.853467064785,59.2983395028841,158.570857516676,0.696883096745597,TRUE,TRUE,TRUE,TRUE,TRUE
"uqcrh","Exp2",-0.00225763252122881,NA,NA,0.877446872190781,NA,0.321514547196979,13.54,0.589643222057212,0.877446872190781,1,FALSE,113.903997811176,21.6123105112065,190.230128194554,0.678485452803021,TRUE,TRUE,TRUE,TRUE,TRUE
"ywhaqa","Exp2",-0.00498302164553487,NA,NA,0.825344821014433,NA,0.549313257497852,31.75,0.838358660293624,0.825344821014433,1,FALSE,121.418045866966,35.5410567497917,181.342527242153,0.450686742502148,TRUE,TRUE,TRUE,TRUE,TRUE
"gfap","Exp2",-0.00299056534736828,NA,NA,0.888582739109079,NA,0.385221752196139,19.68,0.717269304234282,0.888582739109079,1,FALSE,123.176086382653,38.3939218899275,190.738678523587,0.614778247803861,TRUE,TRUE,TRUE,TRUE,TRUE
"atp5g3b","Exp2",-0.00167203395809986,NA,NA,0.889757205747514,NA,0.279022413341718,8.72,0.602144636134552,0.889757205747514,1,FALSE,125.799222941081,21.536630784009,214.542405408377,0.720977586658282,TRUE,TRUE,TRUE,TRUE,TRUE
"hsp70.1","Exp2",-0.00549068410598492,NA,NA,0.940069629032077,NA,0.533052943890156,30.73,0.923625067938608,0.940069629032077,1,FALSE,127.440962070931,63.1755687705689,174.827029803286,0.466947056109844,TRUE,TRUE,TRUE,TRUE,TRUE
"trhra","Exp2",-0.00301868456983117,NA,NA,0.886952541394804,NA,0.398712208709066,20.85,0.479693849858872,0.886952541394804,1,FALSE,128.770593258886,41.2071223777257,197.947094735262,0.601287791290934,TRUE,TRUE,TRUE,TRUE,TRUE
"rpl38","Exp2",0.00151916689555194,NA,NA,1.18517583616261,NA,0.444916195728574,24.58,0.382279788442678,1.18517583616261,1,TRUE,130.44002927059,21.2160478947242,261.483376188166,1.44491619572857,TRUE,TRUE,TRUE,TRUE,TRUE
"rbm28","Exp2",-0.00197544748236297,NA,NA,0.932096139484377,NA,0.281109549020562,8.97,0.665089265797871,0.932096139484377,1,FALSE,131.477542720511,46.6079674704261,204.132945356282,0.718890450979438,TRUE,TRUE,TRUE,TRUE,TRUE
"sod1","Exp2",-0.00458236868117341,NA,NA,0.798456865543636,NA,0.568985557597936,32.94,0.750611653882519,0.798456865543636,1,FALSE,134.545993861118,33.0209816489559,203.533750481874,0.431014442402064,TRUE,TRUE,TRUE,TRUE,TRUE
"arntl2","Exp2",0.00244406722431483,NA,NA,1.08131654173453,NA,0.502686322966764,28.73,0.878546264253344,1.08131654173453,1,TRUE,134.642397093878,54.3211306651482,234.711519928005,1.50268632296676,TRUE,TRUE,TRUE,TRUE,TRUE
"pa2g4a","Exp2",-0.00289911531091063,NA,NA,0.88830793166825,NA,0.399421330346018,20.91,0.840650838178187,0.88830793166825,1,FALSE,135.015262162676,43.9146700810874,206.998567718806,0.600578669653982,TRUE,TRUE,TRUE,TRUE,TRUE
"srprb","Exp2",-0.00186291307789347,NA,NA,0.872041587494939,NA,0.32367235344447,13.76,0.574447847109847,0.872041587494939,1,FALSE,136.43120295413,23.482103775432,229.681444750297,0.67632764655553,TRUE,TRUE,TRUE,TRUE,TRUE
"casp8","Exp2",0.00152382836247692,NA,NA,1.18524582080573,NA,0.459997626445528,25.71,0.593747127046604,1.18524582080573,1,TRUE,136.816334271244,24.5544297595645,272.348229619819,1.45999762644553,TRUE,TRUE,TRUE,TRUE,TRUE
"lpgat1","Exp2",-0.00132617532223394,NA,NA,0.926099826270637,NA,0.22858397131436,1.94,0.788022116695443,0.926099826270637,1,FALSE,137.805466092434,36.783667714303,226.871949198975,0.77141602868564,TRUE,TRUE,TRUE,TRUE,TRUE
"apoeb","Exp2",0.00196178485870654,NA,NA,1.28676926001917,NA,0.689410138342716,39.47,0.270033503380788,1.28676926001917,1,TRUE,138.774040699764,23.3315682551835,288.281103237212,1.68941013834272,TRUE,TRUE,TRUE,TRUE,TRUE
"gabbr1a","Exp2",-0.00277178265666692,NA,NA,0.861294726183915,NA,0.414387539758449,22.16,0.652415845721377,0.861294726183915,1,FALSE,139.180650074382,36.3048059343367,219.11912657159,0.58561246024155,TRUE,TRUE,TRUE,TRUE,TRUE
"gbx1","Poly2",1.06248681248479,-0.00704163601931718,6.39123497717146e-05,NA,NA,0.322255285934553,14.44,0.408187915603699,1.06248681248479,1,TRUE,139.344748747451,123.454456797418,152.678250414331,1.32225528593455,TRUE,TRUE,TRUE,TRUE,TRUE
"hacd3","Exp2",-0.00183874033607861,NA,NA,0.969213766442956,NA,0.250377050475553,5.03,0.921297052380038,0.969213766442956,1,FALSE,139.723288371411,62.7128663134233,207.156357806144,0.749622949524447,TRUE,TRUE,TRUE,TRUE,TRUE
"srsf6a","Exp2",-0.00162347008684373,NA,NA,0.947252826618504,NA,0.244997619925444,4.29,0.365138035991934,0.947252826618504,1,FALSE,139.72855648868,52.6206946735565,216.015745088533,0.755002380074556,TRUE,TRUE,TRUE,TRUE,TRUE
"fzd7a","Exp2",0.00203894628356392,NA,NA,1.29564333599929,NA,0.735194394533996,41.66,0.373931771313204,1.29564333599929,1,TRUE,143.266204058235,26.6135149538426,296.642125447152,1.735194394534,TRUE,TRUE,TRUE,TRUE,TRUE
"srsf2a","Exp2",0.00168565454590078,NA,NA,1.132778284731,NA,0.443780743882756,24.49,0.70681172432167,1.132778284731,1,TRUE,143.915557752031,42.0066211526825,267.074313985542,1.44378074388276,TRUE,TRUE,TRUE,TRUE,TRUE
"sox9b","Exp2",0.00187139557648751,NA,NA,1.18741726365761,NA,0.55712977240774,32.23,0.274720510201769,1.18741726365761,1,TRUE,144.845728560119,37.1930014847429,279.843279550678,1.55712977240774,TRUE,TRUE,TRUE,TRUE,TRUE
"fbxo5","Exp2",0.00204536121296393,NA,NA,1.17075531503428,NA,0.574724522854382,33.28,0.4914253926871,1.17075531503428,1,TRUE,144.928553918704,42.836640335895,274.162423330217,1.57472452285438,TRUE,TRUE,TRUE,TRUE,TRUE
"sec61g","Exp2",0.00201182238919692,NA,NA,1.14442229720269,NA,0.5322086072746,30.67,0.698440355942969,1.14442229720269,1,TRUE,145.047725576837,46.1123688849196,268.733358882844,1.5322086072746,TRUE,TRUE,TRUE,TRUE,TRUE
"rbm22","Exp2",0.00208265881967587,NA,NA,1.21285574872638,NA,0.644838924810184,37.2,0.686546037111322,1.21285574872638,1,TRUE,146.286447174385,38.6875329029595,285.235478732554,1.64483892481018,TRUE,TRUE,TRUE,TRUE,TRUE
"pccb","Exp2",-0.00259984522257486,NA,NA,0.877570994214793,NA,0.400084507998885,20.97,0.716097637540004,0.877570994214793,1,FALSE,146.304501154653,43.3970041465092,227.393949779642,0.599915492001115,TRUE,TRUE,TRUE,TRUE,TRUE
"gnl3","Exp2",-0.00270647526790935,NA,NA,0.918099050020823,NA,0.386741993577819,19.82,0.967120478014603,0.918099050020823,1,FALSE,149.094118283937,58.6607616950253,221.670561185689,0.613258006422181,TRUE,TRUE,TRUE,TRUE,TRUE
"atp1b1b","Exp2",-0.00295330069328673,NA,NA,0.936540097848605,NA,0.403420672347526,21.25,0.715838311323289,0.936540097848605,1,FALSE,152.703758836498,67.503265055969,220.701672309484,0.596579327652474,TRUE,TRUE,TRUE,TRUE,TRUE
"cox5ab","Exp2",-0.00129549636703687,NA,NA,0.885344989575694,NA,0.274171199552522,8.12,0.523037835091234,0.885344989575694,1,FALSE,153.349108187374,21.2708308309683,266.079039455536,0.725828800447478,TRUE,TRUE,TRUE,TRUE,TRUE
"mtap","Exp2",-0.00141238513806919,NA,NA,0.906656875679272,NA,0.271892631178405,7.84,0.592747157090191,0.906656875679272,1,FALSE,155.280272746857,38.1241699331845,255.764957213829,0.728107368821595,TRUE,TRUE,TRUE,TRUE,TRUE
"tpi1b","Exp2",-0.0014541867536743,NA,NA,0.874990849687434,NA,0.302923644283533,11.51,0.494931749572635,0.874990849687434,1,FALSE,156.320001165365,23.0614875054463,267.882321868376,0.697076355716467,TRUE,TRUE,TRUE,TRUE,TRUE
"rassf1","Exp2",0.00165252782907396,NA,NA,1.12158191359901,NA,0.455378177299518,25.37,0.641704105838748,1.12158191359901,1,TRUE,157.652819152425,50.1416389969779,288.521838836579,1.45537817729952,TRUE,TRUE,TRUE,TRUE,TRUE
"otpb","Poly2",1.01317867940756,-0.0101772898850205,7.77545071937786e-05,NA,NA,0.40960486570435,22.6,0.589935030478912,1.01317867940756,1,TRUE,162.303074734158,148.195340493342,174.600041961103,1.40960486570435,TRUE,TRUE,TRUE,TRUE,TRUE
"hoxb2a","Exp2",-0.00251945830743257,NA,NA,0.985063057747112,NA,0.350066397224587,16.43,0.633217969692889,0.985063057747112,1,FALSE,165.049545958567,84.8933777775023,231.690059251513,0.649933602775413,TRUE,TRUE,TRUE,TRUE,TRUE
"prkaa1","Poly2",0.957465422160769,0.00462429428078625,-3.27559613528723e-05,NA,NA,0.173720540455592,-6.57,0.187605881245439,0.957465422160769,1,FALSE,165.389399666909,150.814944452829,178.001664167563,0.826279459544407,TRUE,TRUE,TRUE,TRUE,TRUE
"ube2d1b","Exp2",-0.00149671318074793,NA,NA,0.888535534256378,NA,0.307331421969677,12,0.589155235964039,0.888535534256378,1,FALSE,166.379905086888,36.9651894703402,274.732116483876,0.692668578030323,TRUE,TRUE,TRUE,TRUE,TRUE
"nup35","Exp2",0.00122463701165627,NA,NA,1.12902697492545,NA,0.38718165691899,19.85,0.236239325011199,1.12902697492545,1,TRUE,168.146092629492,42.5970018733743,316.587647459044,1.38718165691899,TRUE,TRUE,TRUE,TRUE,TRUE
"spcs1","Exp2",0.00133792791676388,NA,NA,1.20370865259306,NA,0.509944636614988,29.22,0.19058712560929,1.20370865259306,1,TRUE,169.415442904974,30.2235832066705,340.627432242616,1.50994463661499,TRUE,TRUE,TRUE,TRUE,TRUE
"snrpc","Exp2",0.00134681456507535,NA,NA,1.12542586425399,NA,0.415651233530885,22.27,0.500566183835311,1.12542586425399,1,TRUE,170.348730158859,48.471559228645,316.279494667017,1.41565123353088,TRUE,TRUE,TRUE,TRUE,TRUE
"ctnnbip1","Poly2",1.0691798249901,-0.0076730158759085,5.09320975921659e-05,NA,NA,0.262880031149689,7.52,0.481627988037597,1.0691798249901,1,TRUE,172.676352133442,158.958975173313,184.68413372721,1.26288003114969,TRUE,TRUE,TRUE,TRUE,TRUE
"jak2a","Poly2",0.983894834386633,-0.00467882319669251,3.37366756430045e-05,NA,NA,0.190998833118871,-3.34,0.268543991271669,0.983894834386633,1,TRUE,173.97275638845,160.030543108372,186.261827716125,1.19099883311887,TRUE,TRUE,TRUE,TRUE,TRUE
"ube2kb","Exp2",-0.0021174104243484,NA,NA,0.911526394511811,NA,0.370957298883424,18.4,0.870794413963811,0.911526394511811,1,FALSE,175.176907231953,64.6925115752236,264.636860297011,0.629042701116576,TRUE,TRUE,TRUE,TRUE,TRUE
"ap2b1","Exp2",-0.00176555646921861,NA,NA,0.951543137668232,NA,0.302593516582825,11.47,0.957041734994283,0.951543137668232,1,FALSE,175.987909165845,75.6136188129988,261.204004110915,0.697406483417175,TRUE,TRUE,TRUE,TRUE,TRUE
"src","Exp2",0.00126861432858727,NA,NA,1.0843876099239,NA,0.359971497714202,17.38,0.81627575088781,1.0843876099239,1,TRUE,178.500529016803,61.0484198816831,316.606770981481,1.3599714977142,TRUE,TRUE,TRUE,TRUE,TRUE
"tek","Exp2",-0.00139865401681612,NA,NA,0.893823700827239,NA,0.303970469053877,11.63,0.576524289963129,0.893823700827239,1,FALSE,178.826544478806,43.0897035889028,292.845494385651,0.696029530946123,TRUE,TRUE,TRUE,TRUE,TRUE
"mapk9","Poly2",0.907445446820009,0.00563883583609684,-3.58729758063768e-05,NA,NA,0.233248682483946,3.45,0.106312880859286,0.907445446820009,1,FALSE,179.088766107107,162.090714322777,193.598230654054,0.766751317516053,TRUE,TRUE,TRUE,TRUE,TRUE
"akt3a","Exp2",-0.0033893616298753,NA,NA,0.848554301204775,NA,0.538212133430665,31.05,0.806423755105782,0.848554301204775,1,FALSE,179.511224498367,61.9440384499783,263.322593881332,0.461787866569335,TRUE,TRUE,TRUE,TRUE,TRUE
"pparda","Exp2",-0.00175628188069176,NA,NA,0.954230225458397,NA,0.3072257810984,11.99,0.777777582764152,0.954230225458397,1,FALSE,182.317445144833,80.048707821853,268.964284926928,0.6927742189016,TRUE,TRUE,TRUE,TRUE,TRUE
"mmp17b","Exp2",-0.0058017677897079,NA,NA,0.849985582257604,NA,0.705344190469874,40.25,0.963962343007554,0.849985582257604,1,FALSE,182.601492809907,83.9895320827695,244.905848376681,0.294655809530126,TRUE,TRUE,TRUE,TRUE,TRUE
"E2F1","Exp2",-0.00246481670864789,NA,NA,0.962396086926349,NA,0.387671789198136,19.9,0.697714630542641,0.962396086926349,1,FALSE,183.44474308979,89.2618566237244,259.811556985529,0.612328210801864,TRUE,TRUE,TRUE,TRUE,TRUE
"hmx2","Exp2",0.00145434512616979,NA,NA,1.07254508340164,NA,0.402576300765127,21.18,0.43742935133358,1.07254508340164,1,TRUE,184.465398099261,70.2148938921247,321.598068676907,1.40257630076513,TRUE,TRUE,TRUE,TRUE,TRUE
"mt2","Exp2",-0.00562138633919132,NA,NA,0.816779392352684,NA,0.711066096659325,40.52,0.941823611430151,0.816779392352684,1,FALSE,184.860285256712,76.3298949233271,251.756404057466,0.288933903340675,TRUE,TRUE,TRUE,TRUE,TRUE
"dhdds","Poly2",0.94994188018121,0.0108685524314216,-6.21969081920864e-05,NA,NA,0.16862170154654,-7.58,0.493712894437359,0.94994188018121,1,FALSE,185.045821324688,178.125571320375,191.506632393948,0.83137829845346,TRUE,TRUE,TRUE,TRUE,TRUE
"idh3a","Poly2",0.952464084225843,0.00659307559031076,-3.93373698261614e-05,NA,NA,0.175547862760434,-6.21,0.6072709316589,0.952464084225843,1,FALSE,185.176872929197,173.970682278279,195.260500384243,0.824452137239566,TRUE,TRUE,TRUE,TRUE,TRUE
"ptger2b","Exp2",-0.00172225537936923,NA,NA,0.855927215912407,NA,0.378513456162673,19.09,0.56647639926825,0.855927215912407,1,FALSE,185.844148587208,37.306622654661,304.001533872344,0.621486543837327,TRUE,TRUE,TRUE,TRUE,TRUE
"prps1a","Poly2",1.04223218050335,-0.00741855539409631,4.60532761876093e-05,NA,NA,0.25988714427946,7.13,0.464008824598532,1.04223218050335,1,TRUE,186.436347234316,172.733254824315,198.556755499877,1.25988714427946,TRUE,TRUE,TRUE,TRUE,TRUE
"fth1a","Exp2",-0.00118432092687274,NA,NA,0.885488953110076,NA,0.290058671411062,10.04,0.570627021784237,0.885488953110076,1,FALSE,186.569066752556,33.1801540389671,316.310865319951,0.709941328588938,TRUE,TRUE,TRUE,TRUE,TRUE
"c5ar1","Poly2",1.00695853810873,0.0186897457736186,-0.000109337476613524,NA,NA,0.35376347321434,17.61,0.212192814910074,1.00695853810873,1,FALSE,188.443729126304,180.587886822465,195.740629269273,0.64623652678566,TRUE,TRUE,TRUE,TRUE,TRUE
"psat1","Exp2",0.00208652129986162,NA,NA,1.15599372922299,NA,0.714310739888292,40.68,0.649213945571642,1.15599372922299,1,TRUE,188.855370497304,66.1169706039684,354.370426329379,1.71431073988829,TRUE,TRUE,TRUE,TRUE,TRUE
"psma8","Exp2",-0.00172164153877566,NA,NA,1.01217029543018,NA,0.269317650724897,7.51,0.948281289186266,1.01217029543018,1,FALSE,189.28056870024,104.494073775538,263.237976154069,0.730682349275103,TRUE,TRUE,TRUE,TRUE,TRUE
"fgf3","Poly2",1.15007932947251,-0.0157680455380903,8.97904435615024e-05,NA,NA,0.383112661273412,20.32,0.177196877039179,1.15007932947251,1,TRUE,189.31808184782,178.649139161796,198.966352957395,1.38311266127341,TRUE,TRUE,TRUE,TRUE,TRUE
"sucla2","Exp2",-0.00339437027358468,NA,NA,0.888454452977243,NA,0.533192833945562,30.73,0.96497743371694,0.888454452977243,1,FALSE,189.598387831304,79.8407802710307,269.341018821686,0.466807166054438,TRUE,TRUE,TRUE,TRUE,TRUE
"cry5","Poly2",0.930590599961119,0.0117097999180287,-6.76517332392922e-05,NA,NA,0.285233095574974,10.29,0.69089766183396,0.930590599961119,1,FALSE,189.889789450573,179.562294078697,199.273824652424,0.714766904425026,TRUE,TRUE,TRUE,TRUE,TRUE
"gspt1l","Exp2",-0.00145574488997294,NA,NA,0.964363289259353,NA,0.268846202589056,7.45,0.603739960120853,0.964363289259353,1,FALSE,190.173601890532,85.0808139556984,281.282680492153,0.731153797410944,TRUE,TRUE,TRUE,TRUE,TRUE
"srsf3b","Poly2",1.02417105823836,-0.00745348573274777,4.42342614041011e-05,NA,NA,0.207636839426496,-0.5,0.183100940567086,1.02417105823836,1,TRUE,190.295799625821,179.054707795781,200.453045662998,1.2076368394265,TRUE,TRUE,TRUE,TRUE,TRUE
"ppm1ab","Poly2",0.94013140713774,0.00778916412834082,-4.60981494473834e-05,NA,NA,0.249958867066147,5.8,0.423655995689452,0.94013140713774,1,FALSE,190.603555803207,177.506775610679,202.250774210687,0.750041132933852,TRUE,TRUE,TRUE,TRUE,TRUE
"rfc3","Poly2",1.00622714282702,0.00840288807641383,-5.25355969858915e-05,NA,NA,0.314592629649848,13.62,0.636644050876203,1.00622714282702,1,FALSE,191.787581248764,178.065858854967,203.998306974868,0.685407370350152,TRUE,TRUE,TRUE,TRUE,TRUE
"gamt","Exp2",0.00211650517465823,NA,NA,0.89736771741821,NA,0.347369519707952,16.17,0.810170280805144,0.89736771741821,1,TRUE,192.035319338132,112.753813566297,287.38487470689,1.34736951970795,TRUE,TRUE,TRUE,TRUE,TRUE
"SLC29A1_1of2","Exp2",-0.000752800770955749,NA,NA,0.939117757638614,NA,0.188986502186081,-4.53,0.738060694273608,0.939117757638614,1,FALSE,194.814069028978,52.7411482630417,323.143279315613,0.811013497813919,TRUE,TRUE,TRUE,TRUE,TRUE
"nfkb1","Poly2",1.07530809449031,-0.00880786307625521,5.03655131336004e-05,NA,NA,0.304757030074774,12.54,0.669413097971967,1.07530809449031,1,TRUE,197.899050231144,183.828563688082,210.36725462902,1.30475703007477,TRUE,TRUE,TRUE,TRUE,TRUE
"pax6b","Poly2",1.06853519045777,-0.007642377944352,4.34596847128447e-05,NA,NA,0.265024235355494,7.79,0.60130101755069,1.06853519045777,1,TRUE,198.613529440831,184.458722559976,211.150789440059,1.26502423535549,TRUE,TRUE,TRUE,TRUE,TRUE
"rnaseh1","Exp2",-0.00204041377538919,NA,NA,1.00895183695189,NA,0.327845695973425,14.2,0.961740972469425,1.00895183695189,1,FALSE,199.067148860113,109.8501567105,274.499647966179,0.672154304026575,TRUE,TRUE,TRUE,TRUE,TRUE
"grik1b","Exp2",-0.00378480137124681,NA,NA,0.952249276327381,NA,0.552566787271232,31.95,0.621065240997555,0.952249276327381,1,FALSE,199.561216147456,104.742356452619,269.159931497356,0.447433212728768,TRUE,TRUE,TRUE,TRUE,TRUE
"ar","Poly2",0.91565319551081,0.0116886984905201,-6.66755827419779e-05,NA,NA,0.409084198654796,22.55,0.491180393463475,0.91565319551081,1,FALSE,199.69613434305,185.645492717192,212.169097199261,0.590915801345204,TRUE,TRUE,TRUE,TRUE,TRUE
